,Formula,SGnumber,Magmom,Magnetic
0,Ca4As4,14,0.000,False
1,In2Se2,12,0.000,False
2,Sc4S6,65,0.000,False
3,Zr3B2H2S2,187,0.000,False
4,Zr2Te10,59,0.000,False
5,Al2MgSe4,164,0.000,False
6,Ca2Mn2Si2,129,3.311,True
7,Cr2Br2O2,59,6.000,True
8,Hf2Ge2Te8,31,0.000,False
9,Ti3C2H2O2,187,0.000,False
10,In4I4Te4,14,0.000,False
11,Li2Cl2O4,113,0.000,False
12,Na2H2O2,129,0.000,False
13,Nb2Br4Se4,12,0.000,False
14,Nb3Cl7Te,156,0.000,False
15,Ni2Ta4S10,59,0.000,False
16,Pd2O6Se2,11,0.000,False
17,Pt4Tl2Te6,164,0.000,False
18,Sc4I4O4,11,0.000,False
19,Ta3I7Te,156,0.000,False
20,W2O12Sb4,4,0.000,False
21,Zr2Cl2N2,164,0.000,False
22,In2Se2,164,0.000,False
23,Cu4Cl4H4O4,14,3.983,True
24,HfNa2H6O6,147,0.000,False
25,Li6H2O8Te2,11,0.000,False
26,Na2PtH6O6,147,0.000,False
27,Sn2F2O6P2,7,0.000,False
28,Mn3C2F2,187,6.867,True
29,Hf4C3H2O2,164,0.000,False
30,Nb3C2,187,0.000,False
31,Ti3N2,187,0.000,False
32,Ti4C3F2,164,0.000,False
33,Mn4N3O2,164,11.168,True
34,Sc4C3,164,0.000,False
35,V4N3,164,0.000,False
36,Al2Se2,187,0.000,False
37,Sc2Br2,164,1.457,True
38,Rb2Cl2,129,0.000,False
39,F2Ge2,164,0.000,False
40,Os2F2,164,0.000,False
41,F2Si2,164,0.000,False
42,Zr2F2,164,0.000,False
43,Fe2Te2,129,3.821,True
44,Ga2Te2,187,0.000,False
45,GeTe,156,0.000,False
46,I2Sb2,12,0.000,False
47,Nb2Te2,164,0.000,False
48,Ni2Se2,129,0.000,False
49,Pd2S2,164,0.000,False
50,Ru2Se2,129,0.000,False
51,Sn2S2,31,0.000,False
52,BaCl2,164,0.000,False
53,CaCl2,187,0.000,False
54,CdCl2,115,0.000,False
55,CoBr2,115,3.000,True
56,Co4S8,2,0.000,False
57,CrO2,115,2.000,True
58,CuI2,115,0.000,False
59,FeO2,187,1.988,True
60,Bi2Hf,187,0.000,False
61,HfTe2,187,0.000,False
62,MnBr2,115,5.000,True
63,MnS2,164,2.964,True
64,Y2N,164,0.000,False
65,Nb2I4,11,0.000,False
66,NbSe2,164,0.000,False
67,NiI2,164,1.998,True
68,Ni2Te4,14,0.000,False
69,Bi2Ti,164,0.000,False
70,Ti2O4,11,0.000,False
71,Li2Pb,187,0.000,False
72,PdS2,164,0.000,False
73,ScO2,164,1.000,True
74,SnS2,164,0.000,False
75,TaCl2,164,0.000,False
76,TaS2,164,0.000,False
77,W2Cl4,11,0.000,False
78,W2S4,11,0.000,False
79,ZrSe2,115,0.000,False
80,Ta2BO2,164,0.000,False
81,V2CS2,164,0.000,False
82,Cr2F2N,164,6.333,True
83,Ta2NSe2,164,0.000,False
84,Zr2CH2O2,164,0.000,False
85,Mn2H2NO2,164,7.231,True
86,GaNi5Cl2,123,1.200,True
87,Ag2ReBr6,162,2.999,True
88,Al2Br6,162,0.000,False
89,Au2Cl6,162,3.920,True
90,W2Cl6,162,0.000,False
91,Cu2Br6,162,3.899,True
92,Mn2Cl6,162,4.009,True
93,Ni2S6,11,0.000,False
94,Pt2Se6,11,0.000,False
95,Rh2Te6,11,0.000,False
96,Ta2I6,189,0.000,False
97,Tl2Cl6,162,0.000,False
98,HfTi3Te8,25,0.000,False
99,TiZr3Te8,25,0.000,False
100,Al2Br2Se2,59,0.000,False
101,AsBrTe,156,0.000,False
102,AsIS,156,0.000,False
103,BiIS,156,0.000,False
104,In2Br2O2,59,0.000,False
105,Ru2Br2Se2,59,0.000,False
106,Sc2Br2Se2,59,0.000,False
107,Cl2Ge2N2,59,0.000,False
108,ZrClI,156,0.000,False
109,ClSbSe,156,0.000,False
110,Co2I2S2,59,0.000,False
111,Fe2Na2P2,129,0.000,False
112,Hf2I2N2,59,0.000,False
113,Nb2I2N2,59,0.000,False
114,Ti2I2O2,59,0.000,False
115,Rh2I2Se2,59,0.000,False
116,ISbSe,156,0.000,False
117,NbSTe,156,0.586,True
118,ZrSSe,156,0.000,False
119,TiSeTe,156,0.000,False
120,Ag2I2Te4,4,0.000,False
121,Co2H2S4,11,0.000,False
122,Cr2P2Se6,157,6.001,True
123,Ni2P2Se6,162,3.432,True
124,Mo2W2Te8,25,0.000,False
125,As4S6,31,0.000,False
126,Mo2Cl6,12,1.999,True
127,V4O10,59,0.000,False
128,Zr2Br2,164,0.000,False
129,Al2MnS4,156,4.561,True
130,Ca2Sn4F12,2,0.000,False
131,Fe2In2Se5,156,6.703,True
132,In2Zn2S5,156,0.000,False
133,Nb2Cl4Se4,12,0.000,False
134,Nb2Cl4S4,12,0.000,False
135,Ni2Ta4Se10,59,0.000,False
136,PdTa2S6,12,0.000,False
137,Ti2PTe2,164,0.000,False
138,Zr2I2N2,164,0.000,False
139,Ba4F4Sb4Se8,14,0.000,False
140,V3N2,187,0.000,False
141,Co2Br4O6Sb4,11,6.000,True
142,InNaI4O12,2,0.000,False
143,Mg2Mo2O12Te2,18,0.000,False
144,NaW2Br6O2,47,0.000,False
145,Sn2H2O6P2,7,0.000,False
146,NiC4H8N2O4,10,2.000,True
147,Ti3B2H2Se2,187,0.000,False
148,Sc3H2N2O2,187,0.000,False
149,Ta3C2O2,187,0.000,False
150,Y3F2N2,187,0.000,False
151,Mn4C3H2O2,164,9.764,True
152,Sc4H2N3O2,164,0.000,False
153,Sc3C2,187,0.000,False
154,Cr4C3O2,164,6.702,True
155,Ta4C3,164,0.000,False
156,Al2Se2,164,0.000,False
157,BN,187,0.000,False
158,Co2Te2,129,0.000,False
159,Cu2O2,10,0.000,False
160,Sn2F2,164,0.000,False
161,Fe2Te2,164,4.979,True
162,HgTe,156,0.000,False
163,Ir2Se2,164,0.000,False
164,Ni2Se2,164,0.000,False
165,Rh2Te2,129,0.000,False
166,Ru2Te2,129,0.000,False
167,Tl2S2,164,0.000,False
168,V2Te2,164,0.000,False
169,BaCl2,187,0.000,False
170,CaCl2,115,0.000,False
171,CoCl2,115,3.000,True
172,Cr2S4,11,0.000,False
173,CrTe2,187,0.000,False
174,FeO2,115,0.000,False
175,FeTe2,187,1.744,True
176,Bi2Hf,164,0.000,False
177,Mn2Se4,11,1.959,True
178,Mo2Cl4,11,0.000,False
179,Mo2S4,11,0.000,False
180,MoTe2,187,0.000,False
181,Zr2N,164,0.000,False
182,NbSe2,187,0.000,False
183,NiI2,115,1.773,True
184,NiTe2,164,0.000,False
185,Os2O4,11,0.000,False
186,PtCl2,164,1.996,True
187,Pt2Se4,14,0.000,False
188,Li2Rh,187,0.000,False
189,ScO2,187,1.000,True
190,TaS2,187,0.000,False
191,TiBr2,187,0.000,False
192,VSe2,187,0.992,True
193,ZrH2,187,0.000,False
194,ZrSe2,164,0.000,False
195,Ti2NSe2,164,0.000,False
196,Au2MoSe4,111,0.000,False
197,Ag2ReCl6,162,3.000,True
198,W2Cl6,189,0.000,False
199,Cu2Cl6,162,3.985,True
200,Ga2I6,162,0.000,False
201,In2Cl6,162,0.000,False
202,Pt2Te6,11,0.000,False
203,Ru2Br6,162,1.997,True
204,Sc2Br6,162,0.000,False
205,HfZr3S8,1,0.000,False
206,Cr3WS8,25,0.000,False
207,AsBrTe,156,0.000,False
208,BiClS,156,0.000,False
209,BiIS,156,0.000,False
210,TiBrCl,156,0.000,False
211,Cr2Br2S2,59,6.000,True
212,In2Br2S2,59,0.000,False
213,Tl2Br2O2,59,0.000,False
214,BrSSb,156,0.000,False
215,Zr2Cl2N2,59,0.000,False
216,Rh2Cl2S2,59,0.000,False
217,ClSbSe,156,0.000,False
218,Co2I2Se2,59,0.000,False
219,Fe2Sr2Si2,129,0.000,False
220,Ti4I4O4,7,0.000,False
221,Ru2I2S2,59,0.000,False
222,ISbTe,156,0.000,False
223,NbSTe,156,0.000,False
224,VSeTe,156,0.979,True
225,Ti2P2S6,162,1.809,True
226,Cr2Mo2S8,25,0.000,False
227,HfMnI6,149,5.000,True
228,Cr2F4,14,8.000,True
229,In2Te4,1,0.000,False
230,P8Si4,26,0.000,False
231,V4O8,12,0.000,False
232,Ag2Au2Cl8,13,0.000,False
233,Al2ZnS4,156,0.000,False
234,Ba2Mn2Ge2,129,7.298,True
235,Ca2Cl4O8,125,0.000,False
236,Cr2Nb2Se10,11,5.380,True
237,Cu2Hg2Cl2Se2,26,0.000,False
238,Hf2Br2N2,164,0.000,False
239,In2MnSe4,156,4.690,True
240,Li2PdH2,123,0.000,False
241,Mn2P2S6,162,9.966,True
242,Nb2Ge2Sb2,129,0.000,False
243,Nb4Ge2Te8,55,0.000,False
244,PdTa2Se6,12,0.000,False
245,RbTiS2,156,0.579,True
246,Tl2O6Sb2,149,0.000,False
247,Zr2PTe2,164,0.000,False
248,InLiI4O12,2,0.000,False
249,Na2B2H8O8,2,0.000,False
250,NiC6Cl2H4N2,25,2.000,True
251,Ti3C2O2,187,0.000,False
252,BP,187,0.000,False
253,Hf4C3O2,164,0.000,False
254,Ti4C3,164,1.919,True
255,Y4N3,164,0.000,False
256,Mo2Cl2,164,0.000,False
257,Tl2Cl2,12,0.000,False
258,Cu2S2,164,0.000,False
259,Hf2F2,164,0.000,False
260,Pd2F2,164,0.000,False
261,Sc2I2,164,1.494,True
262,Zn2I2,164,0.000,False
263,In2Se2,187,0.000,False
264,Ni2Te2,129,0.489,True
265,Ta2O2,6,0.000,False
266,Pb2S2,129,0.000,False
267,Rh2Te2,123,0.000,False
268,SnS,156,0.000,False
269,W2Se2,164,0.000,False
270,CaCl2,164,0.000,False
271,CoCl2,164,3.000,True
272,Cr2S4,127,4.965,True
273,FeO2,164,2.000,True
274,GeS2,115,0.000,False
275,Hf2Br4,11,0.000,False
276,HgBr2,115,0.000,False
277,Ir4S8,2,0.000,False
278,MnCl2,164,5.000,True
279,PdBr2,164,1.981,True
280,Sc2S4,164,0.000,False
281,VSe2,115,1.000,True
282,TaS2,115,0.000,False
283,ZnBr2,115,0.000,False
284,ZnTe2,115,0.000,False
285,Zr2I4,11,0.000,False
286,Cr2CS2,164,2.076,True
287,Mo2CSe2,12,0.000,False
288,Zr2CS2,164,0.000,False
289,FeH2O2,164,0.000,False
290,Mn2F2N,164,7.600,True
291,Nb2NS2,164,0.000,False
292,V2NSe2,164,0.000,False
293,Co2Br6,162,0.000,False
294,In2I6,162,0.000,False
295,Ni2Te6,11,0.000,False
296,Pb2Te6,4,0.000,False
297,Re2Br6,162,4.000,True
298,Ta2S6,59,0.000,False
299,Zr2I6,189,1.980,True
300,Cr3WSe8,25,0.000,False
301,Al2Cl2O2,59,0.000,False
302,AsISe,156,0.000,False
303,BiClS,156,0.000,False
304,Cr2Br2Se2,59,6.000,True
305,HfBrI,156,0.000,False
306,In2Br2Se2,59,0.000,False
307,Ni2Br2O2,59,1.598,True
308,BrSSb,156,0.000,False
309,In2Cl2O2,59,0.000,False
310,Rh2Cl2Se2,59,0.000,False
311,Co2Li2P2,129,0.000,False
312,Ru2I2Se2,59,0.000,False
313,ISbTe,156,0.000,False
314,MoOS,156,0.000,False
315,NbSeTe,156,0.000,False
316,TaSTe,156,0.000,False
317,VSeTe,156,0.953,True
318,Au2Br2Te4,4,0.000,False
319,Cu2I2Se4,17,0.000,False
320,In2P2S6,149,0.000,False
321,Os2P2S6,157,0.000,False
322,Cr2Mo2Se8,25,0.000,False
323,HfNiBr6,149,2.000,True
324,As4Se6,31,0.000,False
325,Cr2Se2,129,0.711,True
326,Pb2O2,129,0.000,False
327,Sn2O2,31,0.000,False
328,BaF12Sb2,2,0.000,False
329,Fe2P2Se6,162,7.630,True
330,Hf2Cl2N2,164,0.000,False
331,Nb4I2Te12,2,0.000,False
332,Pd3P2S8,164,0.000,False
333,V2Br2O2,59,4.000,True
334,Y2Cl2O4,11,3.965,True
335,Na2C2N2S2,31,0.000,False
336,Ag2Cr2P4S12,13,6.000,True
337,BiCuP2Se6,143,0.000,False
338,K2C4H6O6,2,0.000,False
339,V3C2O2,187,0.000,False
340,V2H4O10Se2,2,2.000,True
341,Zr3B2F2O2,187,0.000,False
342,Zr3B2H2Se2,187,0.000,False
343,Y3C2H2O2,187,0.874,True
344,Ti4H2N3O2,164,0.000,False
345,Ti3C2,187,1.896,True
346,Y3N2,187,0.000,False
347,Y4C3F2,164,0.000,False
348,Mn4C3O2,164,10.307,True
349,Sc4N3O2,164,0.000,False
350,V4C3,164,0.000,False
351,Zr4N3,164,0.865,True
352,Al2Te2,164,0.000,False
353,Au2O2,10,0.000,False
354,Cs2Br2,129,0.000,False
355,In2I2,164,0.000,False
356,Fe2O2,10,5.585,True
357,Nb2O2,6,0.000,False
358,PbS,156,0.000,False
359,Pt2Se2,123,0.000,False
360,Zr2S2,164,0.000,False
361,Ti2Se2,164,0.000,False
362,PbO2,164,0.000,False
363,CdI2,164,0.000,False
364,BaI2,187,0.000,False
365,CrS2,115,1.999,True
366,FeBr2,187,4.000,True
367,Fe2S4,11,0.000,False
368,Pd2Se4,14,0.000,False
369,GeS2,164,0.000,False
370,HfO2,115,0.000,False
371,MnCl2,115,5.000,True
372,MoS2,115,0.000,False
373,Ca2N,164,0.000,False
374,NiTe2,187,0.000,False
375,Rh2Br4,12,1.996,True
376,Ru2Te4,11,0.000,False
377,VI2,164,3.000,True
378,ScS2,187,1.000,True
379,SnSe2,164,0.000,False
380,SrI2,187,0.000,False
381,TiO2,115,0.000,False
382,VSe2,164,0.624,True
383,WS2,187,0.000,False
384,YBr2,187,0.997,True
385,ZrTe2,115,0.000,False
386,RuH2O2,164,0.000,False
387,Hf2CF2,164,0.000,False
388,Nb2CO2,164,0.000,False
389,Ta2CSe2,164,0.000,False
390,Nb2NSe2,164,0.000,False
391,Bi2S2Te,164,0.000,False
392,CuSr2Br2O2,123,0.000,False
393,Sc2H2NO2,164,0.000,False
394,AlNi5Br2,123,1.093,True
395,GaNi5I2,123,0.000,False
396,Ag2ReI6,162,2.985,True
397,Al2Cl6,162,0.000,False
398,Ta2Se6,59,0.000,False
399,Zr2O6,59,0.000,False
400,HfZr3Te8,25,0.000,False
401,Cr3WTe8,25,0.000,False
402,Al2Cl2S2,59,0.000,False
403,BiTiAs,156,0.000,False
404,AsClS,156,0.000,False
405,BiISe,156,0.000,False
406,Ni2Br2S2,59,0.000,False
407,Sc2Br2S2,59,0.000,False
408,Ti2Br2Se2,59,0.000,False
409,Cr2Cl2O2,59,6.000,True
410,In2Cl2S2,59,0.000,False
411,Ru2Cl2S2,59,0.000,False
412,ClSbTe,156,0.000,False
413,Co2Li2Sb2,129,0.920,True
414,Hf2I2S2,59,0.000,False
415,Ni2I2O2,59,1.880,True
416,ISSb,156,0.000,False
417,Sc2I2Se2,59,0.000,False
418,MoOSe,156,0.000,False
419,NbSeTe,156,0.430,True
420,WSeTe,156,0.000,False
421,Au2Cl2Te4,4,0.000,False
422,Cu2I2Te4,17,0.000,False
423,Ti2P2Te6,162,2.053,True
424,Cr2Mo2Te8,25,0.000,False
425,Ti2Zr2Te8,25,0.000,False
426,HfNiCl6,149,2.000,True
427,Ag2F4,14,1.687,True
428,Au2Br2,67,0.000,False
429,Cr3Te4,164,9.922,True
430,Ir5Te10,5,0.000,False
431,Pb4O4,29,0.000,False
432,Hf2I2N2,164,0.000,False
433,Ag2Br2,164,0.000,False
434,CrGa2Se4,164,3.752,True
435,FeGa2S4,164,0.000,False
436,Ir2Nb2Te8,11,0.000,False
437,Mn2P2Se6,162,9.752,True
438,Nb3Br7S,156,0.000,False
439,Nb4Si2Te8,55,0.000,False
440,Ni4Ta2Te4,51,0.000,False
441,Pd2I4O12,14,0.000,False
442,Re2ZnO8,147,0.000,False
443,Y2Cl2O2,164,0.000,False
444,AgGaP2Se6,149,0.000,False
445,Bi2Cd2Cl2O4,11,0.000,False
446,Cr2Cu2P4S12,4,6.000,True
447,Zn2H8N4Te2,4,0.000,False
448,Sn2C2H6O6P2,7,0.000,False
449,Ti3B2F2S2,187,0.000,False
450,Zr3C2H2O2,187,0.000,False
451,Hf3N2O2,187,0.000,False
452,Sc4C3H2O2,164,0.000,False
453,Zr3N2,187,1.752,True
454,Zr4C3F2,164,0.000,False
455,Cu2Br2,164,0.000,False
456,K2Br2,129,0.000,False
457,C2F2,164,0.000,False
458,In2Te2,164,0.000,False
459,Co2S2,129,0.960,True
460,Cu2S2,10,0.000,False
461,Ni2O2,10,0.833,True
462,Fe2O2,187,0.000,False
463,GaN,187,0.000,False
464,Hf2I2,164,0.000,False
465,Ni2Te2,123,1.034,True
466,Pd2Se2,164,0.000,False
467,V2S2,164,0.000,False
468,Tl2Se2,164,0.000,False
469,Zn2Se2,164,0.000,False
470,BaI2,164,0.000,False
471,CaI2,187,0.000,False
472,CdI2,115,0.000,False
473,FeBr2,164,0.000,False
474,FeS2,115,0.000,False
475,HfBr2,187,0.000,False
476,HfO2,164,0.000,False
477,MnSe2,164,2.827,True
478,Al2Te2,187,0.000,False
479,NbTe2,164,0.000,False
480,PdSe2,187,0.000,False
481,PtSe2,164,0.000,False
482,Re4S8,2,0.000,False
483,RhO2,115,0.000,False
484,Ru2O4,11,0.000,False
485,ScBr2,187,0.985,True
486,SrI2,164,0.000,False
487,Ti2Cl4,11,0.000,False
488,TiS2,115,0.000,False
489,Ti2CSe2,164,0.000,False
490,ZnBr2,164,0.000,False
491,ZrI2,187,0.000,False
492,ZrTe2,164,0.000,False
493,Zr2BO2,164,0.000,False
494,Mn2CF2,164,5.955,True
495,Nb2CS2,164,0.000,False
496,Sc2NO2,164,0.000,False
497,Zr2NSe2,164,0.000,False
498,Bi2SSe2,164,0.000,False
499,Bi2Se2Te,164,0.000,False
500,Au2ReF6,1,1.000,True
501,Bi2Br6,162,0.000,False
502,Co2Cl6,162,0.000,False
503,Mo2Cl6,189,0.000,False
504,Nb2I6,189,0.000,False
505,Ru2Cl6,162,1.999,True
506,Sc2Cl6,162,0.000,False
507,Ta2Te6,59,0.000,False
508,Zr2S6,59,0.000,False
509,Cr3MoS8,25,0.000,False
510,Mo3WS8,25,0.000,False
511,Al2Cl2Se2,59,0.000,False
512,AsClSe,156,0.000,False
513,BiClSe,156,0.000,False
514,BiISe,156,0.000,False
515,BiZrSb,156,0.000,False
516,VBrCl,156,3.000,True
517,Cu2Br2O2,59,0.000,False
518,Hf2Br2N2,59,0.000,False
519,Ir2Br2O2,59,0.000,False
520,Ni2Br2Se2,59,0.000,False
521,Ti4Br4Se4,31,3.866,True
522,Cr2Cl2S2,59,6.000,True
523,In2Cl2Se2,59,0.000,False
524,Tl2Cl2O2,59,0.000,False
525,Sc2Cl2Se2,59,0.000,False
526,Co2Na2P2,129,0.000,False
527,Ga2I2S2,59,0.000,False
528,Hf4I4S4,7,2.455,True
529,In2I2S2,59,0.000,False
530,Ni2I2S2,59,0.000,False
531,Zr2I2O2,59,0.000,False
532,ISSb,156,0.000,False
533,Sn2I2Se2,59,0.000,False
534,MoOTe,156,0.000,False
535,WOS,156,0.000,False
536,TiSTe,156,0.000,False
537,Ni2F2O4,11,0.000,False
538,Ru2P2Te6,162,0.000,False
539,Au2S2,10,0.000,False
540,Cr2W2S8,25,0.000,False
541,HfNiI6,149,2.000,True
542,Al8Te12,14,0.000,False
543,Ga2Se2,187,0.000,False
544,Nb3I7Te,156,0.000,False
545,Nb3Br8,156,0.959,True
546,AgNi2O4,187,0.000,False
547,Ca4O12Te4,14,0.000,False
548,CrHO2,156,2.985,True
549,Cu4Cl4O4,14,0.000,False
550,Ga2Mn2S5,164,9.424,True
551,Ir2Ta2Te8,11,0.000,False
552,MnF12Sb2,2,5.000,True
553,Ni8As4Si4,29,0.000,False
554,NiRe2O8,147,2.000,True
555,Pd2O6Se2,12,0.000,False
556,Re6Cl2Se8,2,0.000,False
557,Sr2Br2H2,129,0.000,False
558,V2Cl2O2,59,4.000,True
559,Zn2As4O8,4,0.000,False
560,Ag2Br2,129,0.000,False
561,AgInP2S6,149,0.000,False
562,Mn2Br2S4Sb2,10,9.975,True
563,Zr3C2F2S2,187,0.000,False
564,Ti3C2H2S2,187,0.000,False
565,W3H2N2O2,187,0.000,False
566,Ti3C2F2,187,0.000,False
567,Y3C2O2,187,0.000,False
568,Cr4F2N3,164,0.422,True
569,Nb4C3O2,164,0.000,False
570,Ti4N3O2,164,0.000,False
571,Y4C3,164,0.000,False
572,Cu2Br2,129,0.000,False
573,Rb2Br2,129,0.000,False
574,Cd2S2,164,0.000,False
575,Cu2Se2,10,0.000,False
576,Ti2F2,164,0.000,False
577,Ga2O2,187,0.000,False
578,Hf2O2,10,0.000,False
579,Nb2S2,164,0.000,False
580,Ni2O2,123,2.275,True
581,Ti2O2,10,0.954,True
582,Pt2Te2,164,0.000,False
583,Rh2Te2,164,0.000,False
584,Tl2Se2,187,0.000,False
585,Ti2Te2,164,2.115,True
586,CrS2,187,0.000,False
587,CuBr2,115,0.000,False
588,FeBr2,115,4.000,True
589,MoS2,187,0.000,False
590,Hf2N,164,0.000,False
591,NiO2,164,0.000,False
592,PbBr2,164,0.000,False
593,PbS2,187,0.000,False
594,Pt2Te4,14,0.000,False
595,S2Sb,164,0.000,False
596,ScS2,164,0.000,False
597,SnSe2,115,0.000,False
598,Ta2I4,11,0.000,False
599,ZnCl2,115,0.000,False
600,Bi2Zr,187,0.000,False
601,V2O4,11,2.000,True
602,ZrTe2,187,0.000,False
603,Ta2BS2,164,0.000,False
604,Nb2CSe2,164,0.000,False
605,V2CSe2,164,0.000,False
606,Sc2F2N,164,0.000,False
607,Bi2STe2,164,0.000,False
608,Hf2CH2O2,164,0.000,False
609,Ti2H2NO2,164,0.000,False
610,Al2I6,162,0.000,False
611,Co2I6,162,0.000,False
612,Ir2Br6,162,0.000,False
613,Mo2I6,162,6.000,True
614,Sc2I6,162,0.000,False
615,Ti2Br6,189,2.000,True
616,V2Br6,162,4.000,True
617,Zr2Se6,59,0.000,False
618,Cr3MoSe8,25,0.000,False
619,Mo3WSe8,25,0.000,False
620,AsITe,156,0.000,False
621,BiClSe,156,0.000,False
622,K2I2,129,0.000,False
623,BiITe,156,0.000,False
624,BiZrSb,156,0.000,False
625,Cu2Br2S2,59,1.068,True
626,Ir2Br2S2,59,0.000,False
627,Os2Br2S2,59,0.000,False
628,Cr2Cl2Se2,59,6.001,True
629,HfClI,156,0.000,False
630,Co2Na2Sb2,129,1.177,True
631,Li2F2S2,1,0.000,False
632,Hf2I2Se2,59,0.000,False
633,In2I2Se2,59,0.000,False
634,Ni2I2Se2,59,0.000,False
635,Sc2I2S2,59,0.000,False
636,WOSe,156,0.000,False
637,TiSTe,156,0.000,False
638,ZrSeTe,156,0.000,False
639,Au2I2Te4,4,0.000,False
640,Ni2F2S4,11,0.000,False
641,Bi2P2S6,1,0.000,False
642,Fe2P2Te6,162,0.000,False
643,Cr2W2Se8,25,0.000,False
644,MnZrBr6,149,5.000,True
645,Ba2N,164,0.000,False
646,Nb3I8,156,0.935,True
647,Ga2NiS4,164,1.973,True
648,Sc2C,164,0.000,False
649,As4O12S2,18,0.000,False
650,Cu4O12Te2,14,0.000,False
651,Hg3B2O6,189,0.000,False
652,Li4O8Sb4,29,0.000,False
653,MnRe2O8,147,5.000,True
654,Na2Nb2Cl12,4,0.000,False
655,Nb2Br4O2,25,0.000,False
656,O14S2Te4,31,0.000,False
657,Pd4Tl2Se6,164,0.000,False
658,Rh2Cl2Te2,11,0.000,False
659,Sr2F2I2,129,0.000,False
660,AgInP2Se6,149,0.000,False
661,K2C2H2O6,4,0.000,False
662,Mn2Br2Sb2Se4,26,9.983,True
663,Zn2H4O8Se2,7,0.000,False
664,Cu2Br2C4H4N2,2,0.000,False
665,Y3H2N2O2,187,0.000,False
666,Zr3C2O2,187,0.000,False
667,Ti4C3H2O2,164,0.000,False
668,Y4H2N3O2,164,0.000,False
669,Y3C2,187,0.000,False
670,Sb2Se3,164,0.000,False
671,Sc4C3O2,164,0.000,False
672,Zr4C3,164,1.907,True
673,Ti2Br2,129,0.000,False
674,C2H2,164,0.000,False
675,W2Cl2,164,0.000,False
676,Co2S2,164,0.000,False
677,GeO,156,0.000,False
678,In2Te2,187,0.000,False
679,Ni2Te2,164,0.000,False
680,BiS2,164,0.000,False
681,Ru2S2,164,0.000,False
682,Ti2Te2,187,0.000,False
683,CaI2,164,0.000,False
684,Cd2S4,14,0.000,False
685,CoI2,164,1.002,True
686,FeCl2,115,4.000,True
687,FeS2,187,1.428,True
688,Hf2Cl4,11,0.000,False
689,HfS2,115,0.000,False
690,HgCl2,115,0.000,False
691,InI2,187,0.000,False
692,YCl2,187,0.998,True
693,MnTe2,187,2.504,True
694,Nb4O8,12,0.000,False
695,NbTe2,187,0.600,True
696,Os2S4,11,0.000,False
697,PdCl2,164,1.998,True
698,PdSe2,164,0.000,False
699,ScSe2,164,0.000,False
700,TaSe2,115,0.000,False
701,TiCl2,187,0.000,False
702,VO2,115,1.000,True
703,VTe2,187,0.995,True
704,W2Se4,11,0.000,False
705,ZnCl2,164,0.000,False
706,Bi2Zr,164,0.000,False
707,Ti2BS2,164,0.000,False
708,Sc2CO2,164,0.519,True
709,W2CSe2,164,0.000,False
710,NiH2O2,164,2.000,True
711,Sb2Se2Te,164,0.000,False
712,Mn2CH2O2,164,5.949,True
713,AlNi5Cl2,123,1.162,True
714,InNi5Br2,123,1.183,True
715,Cu2ReCl6,147,2.998,True
716,Ir2Cl6,162,0.000,False
717,Os2Cl6,162,1.998,True
718,Ru2I6,162,1.945,True
719,V2Cl6,162,4.000,True
720,Cr3MoTe8,25,0.000,False
721,Mo3WTe8,25,0.000,False
722,Al2I2S2,59,0.000,False
723,AsClTe,156,0.000,False
724,BiBrS,156,0.000,False
725,BiClTe,156,0.000,False
726,BiITe,156,0.000,False
727,TiBrI,156,0.000,False
728,Ir2Br2Se2,59,0.000,False
729,Ti2Br2S2,59,0.000,False
730,Hf2Cl2N2,59,0.000,False
731,Ir2Cl2O2,59,0.000,False
732,Ni2Cl2S2,59,0.000,False
733,Na2F2O2,129,0.000,False
734,Hf4I4Se4,31,2.007,True
735,Ti2I2Se2,59,0.000,False
736,MoSSe,156,0.000,False
737,WOTe,156,0.000,False
738,VSTe,156,0.779,True
739,ZrSeTe,156,0.000,False
740,Cu2Br2S4,17,0.000,False
741,Cr2W2Te8,25,0.000,False
742,CoZrBr6,5,1.020,True
743,Al2O4,59,2.000,True
744,Cu2F4,14,2.000,True
745,Sc3N2O2,187,0.369,False
746,Ta4Se12,11,0.000,False
747,W2N3,187,0.000,False
748,As2O6Sb2,7,0.000,False
749,Bi4B4O12,14,0.000,False
750,Cd4Br4O4,14,0.000,False
751,Cr2Ge2Te6,162,5.998,True
752,Ga2Y2I2,164,0.000,False
753,KTiS2,156,0.544,True
754,Mo2O10P2,85,2.000,True
755,Nb2I2O4,11,0.000,False
756,O4S8Sb8,2,0.000,False
757,Pd3Ta3Te14,6,0.000,False
758,Rh2Ta2Te8,11,0.000,False
759,Sr2H8O6,26,0.000,False
760,V2O10P2,129,0.000,False
761,Zn2Ge2O6,162,0.000,False
762,AgScP2S6,149,0.000,False
763,Na2SnH6O6,147,0.000,False
764,Zr3C2F2Se2,187,0.000,False
765,Zr3C2H2S2,187,0.000,False
766,Zr4H2N3O2,164,0.000,False
767,Zr3C2,187,1.889,True
768,Sb2Te3,164,0.000,False
769,Mo4F2N3,164,0.000,False
770,Ta4C3O2,164,0.000,False
771,Cr4N3,164,0.840,True
772,Ag2Cl2,164,0.000,False
773,AlN,187,0.000,False
774,Fe2Br2,129,6.001,True
775,Cd2Se2,164,0.000,False
776,Hf2Cl2,164,0.000,False
777,Fe2S2,129,0.000,False
778,Rb2I2,129,0.000,False
779,In2O2,187,0.000,False
780,Ni2S2,129,0.000,False
781,Rh2O2,6,0.000,False
782,Tl2O2,187,0.000,False
783,Pb2Se2,129,0.000,False
784,Ru2S2,164,0.000,False
785,Ta2S2,164,0.000,False
786,Sn2Se2,31,0.000,False
787,Ti2Te2,164,0.000,False
788,Fe2Se4,11,0.000,False
789,CoI2,115,3.000,True
790,FeCl2,187,4.000,True
791,HfS2,164,0.000,False
792,PbCl2,187,0.000,False
793,MgBr2,164,0.000,False
794,MnI2,164,5.000,True
795,MnTe2,164,2.708,True
796,NbO2,187,0.495,True
797,Ni2S4,14,0.000,False
798,PbBr2,187,0.000,False
799,PbS2,164,0.000,False
800,Pd2Te4,14,0.000,False
801,PtTe2,164,0.000,False
802,HgH2S2,5,0.000,False
803,Ti2F2N,164,0.000,False
804,ReS2,115,0.000,False
805,Rh2Cl4,12,1.998,True
806,Rh4S8,2,0.000,False
807,RuO2,115,0.000,False
808,InPd5Br2,123,0.000,False
809,Cu2ReF6,2,3.000,True
810,ScCl2,187,0.981,True
811,ScSe2,187,0.998,True
812,TaSe2,164,0.000,False
813,TiSb2,187,0.000,False
814,VO2,187,0.688,True
815,Zr2Br4,11,0.000,False
816,V2BS2,164,0.000,False
817,Sc2CF2,164,0.000,False
818,Ta2CO2,164,0.000,False
819,Zr2CSe2,164,0.000,False
820,Nb2Se6,59,0.000,False
821,Sc2S6,59,0.000,False
822,Ti2Cl6,189,2.000,True
823,Y2Br6,162,0.000,False
824,CrMo3S8,25,0.000,False
825,MoW3S8,25,0.000,False
826,Hf3ZrS8,6,0.000,False
827,Al2I2Se2,59,0.000,False
828,BiBrS,156,0.000,False
829,BiClTe,156,0.000,False
830,ZrBrCl,156,0.000,False
831,Hf2Br2S2,59,0.000,False
832,Sn2Br2N2,59,0.000,False
833,Ti4Br4S4,31,3.533,True
834,Zr2Br2Se2,59,0.000,False
835,Ir2Cl2S2,59,0.000,False
836,Ni2Cl2Se2,59,0.000,False
837,Sc2Cl2S2,59,0.000,False
838,Ti2Cl2Se2,59,0.000,False
839,Cr2I2S2,59,6.000,True
840,HfSSe,156,0.000,False
841,Ir2I2O2,59,0.000,False
842,Sc2I2N2,59,0.000,False
843,Ti4I4Se4,7,3.808,True
844,TaSSe,156,0.000,False
845,VSTe,156,1.133,True
846,Ag2Br2S4,17,0.000,False
847,Sc2P2S6,157,0.000,False
848,FeHfBr6,149,0.000,False
849,Cu2Se2,129,0.000,False
850,LiC12,191,0.000,False
851,Nb4S12,11,0.000,False
852,Pd4I8,14,0.000,False
853,Ta4Se2,129,0.000,False
854,Y2I2,164,1.306,True
855,Bi2Cu2S4,26,0.000,False
856,Cd2Mn3O8,10,9.000,True
857,Cr2Si2Te6,162,6.000,True
858,Cu2S4Sb2,26,0.000,False
859,Ga2Cl2Te2,31,0.000,False
860,Mo2V2O10,85,1.898,True
861,Nb2I4O2,25,0.000,False
862,O8P2Sb2,11,0.000,False
863,Pd4P4S4,13,0.000,False
864,RuCl2O,47,0.000,False
865,Sr2O12P4,2,0.000,False
866,PdTe2,187,0.000,False
867,V4F12O4,14,0.000,False
868,Zn2O6Si2,162,0.000,False
869,AgScP2Se6,149,0.000,False
870,Ca2Cl4H8O4,53,0.000,False
871,Ti3C2H2Se2,187,0.000,False
872,Mn2Cl2S4Sb2,26,9.993,True
873,ZrH2O6P2,164,0.000,False
874,Cu2C6H8I2N2,2,0.000,False
875,Cr3C2H2O2,187,6.049,True
876,Y3C2F2,187,0.853,True
877,Bi2S3,164,0.000,False
878,Cr4C3F2,164,2.044,True
879,Ti4C3O2,164,0.000,False
880,Y4N3O2,164,0.000,False
881,Hf4N3,164,0.000,False
882,Co2S2,123,0.508,True
883,Cu2Se2,164,0.000,False
884,Ti2I2,129,0.000,False
885,Ge2S2,31,0.000,False
886,Ni2S2,164,0.000,False
887,Os2O2,187,0.000,False
888,PbSe,156,0.000,False
889,Pd2Te2,164,0.000,False
890,Pt2Te2,187,0.000,False
891,SnSe,156,0.000,False
892,V2Se2,164,0.000,False
893,Zr2Se2,164,0.000,False
894,Zn2Te2,164,0.000,False
895,BiSe2,164,0.000,False
896,Cr2Se4,11,0.000,False
897,FeCl2,164,0.000,False
898,GeSe2,164,0.000,False
899,HfCl2,187,0.000,False
900,MnI2,115,5.000,True
901,MoAs2,164,0.000,False
902,HfSb2,187,0.000,False
903,Ir4Se8,2,0.000,False
904,NiBr2,115,1.999,True
905,PdTe2,164,0.000,False
906,Li2Pt,187,0.000,False
907,PtTe2,187,0.000,False
908,Ru2S4,11,0.000,False
909,SnTe2,164,0.000,False
910,TaAs2,164,0.000,False
911,Fe2Cl6,162,2.000,True
912,TiSb2,164,0.000,False
913,VBr2,164,3.000,True
914,Hf2I6,189,1.951,True
915,ZnF2,115,0.000,False
916,ZrO2,115,0.000,False
917,Ti2CO2,164,0.000,False
918,W2F2N,164,0.000,False
919,Y2H2NO2,164,0.000,False
920,InPt5Br2,123,0.000,False
921,Cu2ReI6,147,2.994,True
922,Bi2Cl6,162,0.000,False
923,Ti2I6,189,2.000,True
924,V2I6,162,4.000,True
925,Y2Cl6,162,0.000,False
926,CrMo3Se8,25,0.000,False
927,MoW3Se8,25,0.000,False
928,Hf3ZrSe8,6,0.000,False
929,Co2Li2As2,129,0.000,False
930,HfSb2,164,0.000,False
931,Hf4Br4S4,31,2.489,True
932,VBrI,156,3.000,True
933,Mn2Br2Se2,59,8.000,True
934,V4C3O2,164,0.000,False
935,Zr4Br4Se4,31,3.145,True
936,TiClI,156,0.000,False
937,Ir2Cl2Se2,59,0.000,False
938,Os2Cl2S2,59,0.000,False
939,Ti4Cl4Se4,31,3.838,True
940,Cr2I2Se2,59,6.000,True
941,Ge2I2S2,59,0.000,False
942,HfSSe,156,0.000,False
943,Ir2I2S2,59,0.000,False
944,MoSTe,156,0.000,False
945,WSTe,156,0.000,False
946,Ag2Br2Se4,4,0.000,False
947,Cu2Br2Te4,17,0.000,False
948,Cd2P2S6,162,0.000,False
949,Ge2P2S6,162,0.000,False
950,Pd2P2S6,162,0.000,False
951,Sc2P2Se6,157,0.000,False
952,Hf2Ti2Se8,28,0.000,False
953,MnZrI6,149,5.000,True
954,Cu2Te2,59,0.000,False
955,Hf2Te10,59,0.000,False
956,Mg2Cl4,51,0.000,False
957,Sc4F2N3,164,0.000,False
958,Nb3Cl8,156,0.945,True
959,Pt4I8,14,0.000,False
960,Ta4Te6,12,0.000,False
961,Y2Te6,129,0.000,False
962,As4Ge4Se4,17,0.000,False
963,Cd4I4O4,14,0.000,False
964,CrGa2S4,164,3.620,True
965,Cu2Sb2Se4,26,0.000,False
966,Ga2In2S6,31,0.000,False
967,Hg4Mo2O8,13,0.000,False
968,K2Cl2O6,11,0.000,False
969,Mo2Zn2O8,13,0.000,False
970,V2H2O5,12,2.000,True
971,Na4As4O8,14,0.000,False
972,Nb2Ni2Te10,51,0.000,False
973,NiCl2O8,147,2.000,True
974,OsCl2O,47,0.000,False
975,Pd4P4Se4,13,0.000,False
976,Sr2Cl4O8,125,0.000,False
977,Hf4C3F2,164,0.000,False
978,Zn4Br4O4,14,0.000,False
979,Cu2C2Cl2O2,31,0.000,False
980,Mn2H4O8S2,7,10.000,True
981,Zr3B2F2Se2,187,0.000,False
982,Hf3C2H2O2,187,0.000,False
983,V3C2H2Se2,38,0.000,False
984,Zr3C2F2,187,0.000,False
985,Ti3N2O2,187,0.000,False
986,Y4C3H2O2,164,0.000,False
987,Hf3N2,187,0.000,False
988,Zr4N3O2,164,0.000,False
989,Mn4N3,164,7.058,True
990,Al2O2,187,0.000,False
991,Tl2Br2,12,0.000,False
992,Cd2Te2,164,0.000,False
993,Sc2Cl2,164,1.499,True
994,Co2Se2,164,0.000,False
995,Cr2S2,164,2.504,True
996,Cu2Te2,164,0.000,False
997,Mo2F2,164,0.000,False
998,Rh2F2,164,4.369,True
999,HgI2,115,0.000,False
1000,Ga2S2,164,0.000,False
1001,GeS,156,0.000,False
1002,Hg2I2,164,0.000,False
1003,V2CO2,164,0.000,False
1004,Ni2S2,123,0.964,True
1005,Rh2S2,164,0.000,False
1006,MgF2O2,164,0.000,False
1007,Y2F2N,164,0.000,False
1008,Zr2Se2,187,0.000,False
1009,Tl2Te2,123,0.000,False
1010,Zr2NO2,164,0.000,False
1011,ScH2O2,164,0.000,False
1012,ZnH2O2,164,0.000,False
1013,Sc2CH2O2,164,0.000,False
1014,CuCl2,115,0.000,False
1015,MgCl2,164,0.000,False
1016,PtO2,164,0.000,False
1017,Mo2Se4,11,0.000,False
1018,Sc2N,164,0.000,False
1019,NiBr2,164,2.000,True
1020,NiS2,187,0.000,False
1021,PbCl2,164,0.000,False
1022,PbSe2,187,0.000,False
1023,Re4Se8,2,0.000,False
1024,RuBr2,164,0.000,False
1025,HfSTe,156,0.000,False
1026,SnI2,164,0.000,False
1027,Zr2H2NO2,164,0.000,False
1028,Ag2WTe4,111,0.000,False
1029,TaTe2,164,0.000,False
1030,TiH2,187,0.000,False
1031,TiSe2,115,0.000,False
1032,WSe2,187,0.000,False
1033,AlNi5I2,123,0.000,False
1034,Rh2Br6,162,0.000,False
1035,ZnI2,164,0.000,False
1036,ZrO2,164,0.000,False
1037,Zr2BS2,164,0.000,False
1038,Ti2CF2,164,0.000,False
1039,InNi5Cl2,123,1.287,True
1040,As2I6,162,0.000,False
1041,Bi2F6,147,0.000,False
1042,Fe2I6,162,2.000,True
1043,Hf2O6,59,0.000,False
1044,Ir2I6,162,0.000,False
1045,Ti2O6,59,0.000,False
1046,CrMo3Te8,25,0.000,False
1047,MoW3Te8,25,0.000,False
1048,Hf3ZrTe8,25,0.000,False
1049,Co2Na2As2,129,0.000,False
1050,Na2Ni2As2,129,0.000,False
1051,BiBrSe,156,0.000,False
1052,HfBrCl,156,0.000,False
1053,Hf2Br2Se2,59,0.000,False
1054,VBrI,156,3.000,True
1055,Ti2Br2N2,59,0.000,False
1056,Rh2Br2O2,59,0.000,False
1057,Pd2Br2S2,59,0.000,False
1058,Zr2Br2S2,59,0.000,False
1059,Ca2Fe2Si2,129,0.000,False
1060,Hf2Cl2S2,59,0.000,False
1061,Mn2Cl2N2,59,5.994,True
1062,CrSSe,156,0.000,False
1063,Fe2Sr2Ge2,129,3.778,True
1064,Ir2I2Se2,59,0.000,False
1065,Ta2I2N2,59,0.000,False
1066,Ti4I4S4,7,3.346,True
1067,MoSeTe,156,0.000,False
1068,Ag2Br2Te4,4,0.000,False
1069,CF2Si,156,0.000,False
1070,Ni2H2O4,11,0.000,False
1071,Mo4N3,164,0.000,False
1072,Cd2P2Se6,162,0.000,False
1073,Pd2P2Se6,162,0.000,False
1074,Hf2Ti2Te8,25,0.000,False
1075,FeHfF6,149,0.000,False
1076,NiZrBr6,149,2.000,True
1077,As8Ge4,26,0.000,False
1078,Hf3Te2,123,0.000,False
1079,Nb3Te6,12,0.000,False
1080,Pt2Te2,164,0.000,False
1081,Ag2I2,164,0.000,False
1082,Y2Cl2,164,1.525,True
1083,Al2Mg2Se5,164,0.000,False
1084,Co8Ta4Te8,59,0.000,False
1085,Ga2Ge2Te2,164,0.000,False
1086,Hg4W2O8,13,0.000,False
1087,K2N2O6,11,0.000,False
1088,Mg2P2S6,162,0.000,False
1089,Mo2ZrO8,164,0.000,False
1090,Ni2P2Se5,8,0.000,False
1091,Hg2Pt4Se6,164,0.000,False
1092,Sc2CCl2,164,0.000,False
1093,SrTa2O7,123,0.000,False
1094,Zn4Cl4O4,14,3.604,True
1095,AgVP2Se6,5,2.000,True
1096,SrCl2,164,0.000,False
1097,Ca3Cu2Br2O4,123,0.000,False
1098,Mn2I2Sb2Se4,10,9.938,True
1099,K2Os2F10N2O2,11,2.000,True
1100,C2,191,0.000,False
1101,Ti3B2H2O2,187,0.000,False
1102,Mn3C2H2O2,187,6.871,True
1103,Zr3H2N2S2,187,0.000,False
1104,Cr3C2O2,187,4.080,True
1105,V3N2O2,187,2.994,True
1106,Zr4C3H2O2,164,0.000,False
1107,Bi2Te3,164,0.000,False
1108,Mn4C3F2,164,10.237,True
1109,Au2Se2,10,0.000,False
1110,Ru2F2,164,0.000,False
1111,W2F2,164,0.000,False
1112,Ga2S2,187,0.000,False
1113,Ge2Se2,31,0.000,False
1114,Mn2O2,10,0.537,True
1115,Mo2Se2,164,0.000,False
1116,Ni2S2,164,0.000,False
1117,Ru2S2,129,0.000,False
1118,Tl2Te2,164,0.000,False
1119,AlI2,187,0.000,False
1120,CdBr2,164,0.000,False
1121,CoO2,115,0.000,False
1122,CrI2,115,4.000,True
1123,CrSe2,115,2.000,True
1124,GaI2,187,0.000,False
1125,HfSe2,115,0.000,False
1126,MnO2,164,3.000,True
1127,Sr2N,164,0.000,False
1128,NbS2,164,0.000,False
1129,NiS2,164,0.000,False
1130,RuS2,115,0.000,False
1131,SbSe2,164,0.000,False
1132,ScH2,187,-1.000,True
1133,SnI2,187,0.000,False
1134,SrBr2,187,0.000,False
1135,Ti2I4,11,0.000,False
1136,VS2,115,1.000,True
1137,W2O4,11,0.000,False
1138,ZrBr2,187,0.000,False
1139,HfSTe,156,0.000,False
1140,Ta2BSe2,164,0.000,False
1141,V2CF2,164,0.000,False
1142,Zr2F2N,164,0.000,False
1143,Ta2NS2,164,0.000,False
1144,Bi2S2Se,164,0.000,False
1145,Au2WO4,8,0.000,False
1146,Ag2Br6,162,3.733,True
1147,Cr2Br6,162,6.000,True
1148,Hf2S6,59,0.000,False
1149,Ti2S6,59,0.000,False
1150,Y2I6,162,0.000,False
1151,CrW3S8,25,0.000,False
1152,Ga2Br2O2,59,0.000,False
1153,BiBrSe,156,0.000,False
1154,BiHfSb,156,0.000,False
1155,Co2Br2O2,59,0.000,False
1156,Hf4Br4Se4,31,2.043,True
1157,Ru2Br2O2,59,0.000,False
1158,Zr4Br4S4,31,3.076,True
1159,Fe2Cl2O2,59,2.013,True
1160,Hf4Cl4S4,31,2.472,True
1161,VClI,156,3.000,True
1162,Sn2Cl2N2,59,0.000,False
1163,Ti2Cl2S2,59,0.000,False
1164,Mn2I2Se2,59,8.000,True
1165,Ti2I2N2,59,0.000,False
1166,Rh2I2O2,59,0.000,False
1167,Pd2I2S2,59,0.000,False
1168,Zr2I2Se2,59,0.000,False
1169,TiSSe,156,0.000,False
1170,ZrSTe,156,0.000,False
1171,CH2Si,156,0.000,False
1172,Zn2P2S6,162,0.000,False
1173,Hf2Zr2S8,28,0.000,False
1174,FeHfI6,149,0.000,False
1175,NiZrCl6,149,2.000,True
1176,As8Si4,26,0.000,False
1177,Bi6Pt3,157,0.000,False
1178,Hg4I8,115,0.000,False
1179,MgCl2,115,0.000,False
1180,Cu2O4S,21,0.000,False
1181,Zn2Se2,129,0.000,False
1182,Al2Si2Te6,162,0.000,False
1183,Au4I4Te4,14,0.000,False
1184,Bi2MnTe4,164,5.000,True
1185,Ga2MnS4,156,4.388,True
1186,In2Si2Te6,162,0.000,False
1187,Mg2P2Se6,162,0.000,False
1188,Mo2Br4O4,26,0.000,False
1189,Nb6Ge2Te12,26,0.000,False
1190,Ni2SbTe2,187,0.000,False
1191,PbSb2Te4,164,0.000,False
1192,Pt2Ta2Te10,51,0.000,False
1193,Sc2Cl2N,164,0.000,False
1194,VBr2O,25,1.000,True
1195,Zr2Si2Te2,129,0.000,False
1196,AgBiP2Se6,143,0.000,False
1197,CdClHO,156,0.000,False
1198,Li2PtH6O6,147,0.000,False
1199,Mo2Zn2O12Te2,18,0.000,False
1200,Bi2YO4,123,0.000,False
1201,Ni2S2,187,0.000,False
1202,Ti3H2N2Se2,38,0.000,False
1203,Hf3C2O2,187,0.000,False
1204,Sc3F2N2,187,0.000,False
1205,Cr4H2N3O2,164,0.456,True
1206,Y4C3O2,164,0.892,True
1207,Hf4C3,164,1.436,True
1208,Hf2Br2,164,0.000,False
1209,Ga2Se2,187,0.000,False
1210,Hf2S2,164,0.000,False
1211,Tl2I2,12,0.000,False
1212,In2S2,187,0.000,False
1213,Ir2S2,25,0.000,False
1214,Mn2O2,187,1.599,True
1215,Nb2Se2,164,0.000,False
1216,Sc2O2,129,0.000,False
1217,Tl2Te2,187,0.000,False
1218,AlI2,164,0.000,False
1219,Ir2O4,11,0.000,False
1220,CoO2,164,0.997,True
1221,CoTe2,187,0.000,False
1222,CrSe2,187,0.000,False
1223,RuCl2,164,0.000,False
1224,FeI2,115,4.000,True
1225,GaI2,164,0.000,False
1226,GeI2,164,0.000,False
1227,HfH2,187,0.000,False
1228,HfSe2,164,0.000,False
1229,MgI2,164,0.000,False
1230,NiCl2,164,2.000,True
1231,Ni2Se4,14,0.000,False
1232,Os2Se4,11,0.000,False
1233,PbSe2,164,0.000,False
1234,SnO2,115,0.000,False
1235,SrBr2,164,0.000,False
1236,Ta2Br4,11,0.000,False
1237,Ta4O8,12,0.000,False
1238,TiI2,187,0.000,False
1239,TiSe2,187,0.000,False
1240,TlI2,187,0.000,False
1241,VS2,164,0.491,True
1242,ZnI2,115,0.000,False
1243,Zr2Cl4,11,0.000,False
1244,ZrS2,115,0.000,False
1245,Mo2BSe2,164,0.000,False
1246,Ti2BSe2,164,0.000,False
1247,Y2CO2,164,1.860,True
1248,MgH2O2,164,0.000,False
1249,Hf2NO2,164,0.000,False
1250,Ti2NS2,164,0.000,False
1251,Bi2SeTe2,164,0.000,False
1252,Ti2CH2O2,164,0.000,False
1253,CuSr2I2O2,123,0.000,False
1254,Cr2Cl6,162,6.000,True
1255,Hf2Se6,59,0.000,False
1256,Ir2S6,7,0.000,False
1257,Rh2Cl6,162,0.000,False
1258,CrW3Se8,25,0.000,False
1259,AsBrS,156,0.000,False
1260,NbAsSb,156,0.000,False
1261,BiBrTe,156,0.000,False
1262,BiHfSb,156,0.000,False
1263,Co2Br2S2,59,0.000,False
1264,Ga2Br2S2,59,0.000,False
1265,Sc2Br2O2,59,0.000,False
1266,BrSbSe,156,0.000,False
1267,Hf2Cl2Se2,59,0.000,False
1268,Mn2Cl2Se2,59,8.000,True
1269,Ti4Cl4S4,31,3.573,True
1270,Zr2Cl2Se2,59,0.000,False
1271,Fe2I2S2,59,0.000,False
1272,Li2H2O2,129,0.000,False
1273,HfSeTe,156,0.000,False
1274,Ru2I2O2,59,1.764,True
1275,Pd2I2Se2,59,0.000,False
1276,Na2Ni2P2,129,0.000,False
1277,VSSe,156,0.950,True
1278,ZrSTe,156,0.000,False
1279,Ag2Cl2Se4,4,0.000,False
1280,Cu2Cl2Se4,17,0.000,False
1281,Hf2P2S6,2,0.000,False
1282,Nb2P2S6,162,0.000,False
1283,Pt2P2S6,162,0.000,False
1284,Zn2P2Se6,162,0.000,False
1285,Hf2Zr2Se8,28,0.000,False
1286,FeZrBr6,149,0.000,False
1287,NiZrF6,5,0.000,False
1288,As4O6,4,0.000,False
1289,Zr2Br2,164,0.000,False
1290,Bi8Rh4,2,0.000,False
1291,Fe2Se2,129,0.000,False
1292,In2Te5,12,0.000,False
1293,Bi4Sr2O8,11,0.000,False
1294,CoCl2O8,147,3.000,True
1295,In2Zn3S6,156,0.000,False
1296,Mo2Ta2O11,164,0.000,False
1297,Nb6Si2Te12,26,0.000,False
1298,Nb2PdS6,12,0.000,False
1299,Ni4Ta2Te6,11,0.000,False
1300,Sc2P2S8,2,0.000,False
1301,Ta6Si2Te12,26,0.000,False
1302,VCl2O,25,1.000,True
1303,Zr2Ge2Te8,31,0.000,False
1304,AlLiP2S6,5,0.000,False
1305,CdGaInS4,156,0.000,False
1306,CdC4Cl2H4N2,10,0.000,False
1307,Zr3B2H2O2,187,0.000,False
1308,Mn3C2O2,187,6.598,True
1309,Y3N2O2,187,0.990,True
1310,Hf4H2N3O2,164,0.000,False
1311,Hf3C2,187,1.561,True
1312,Nb3N2,187,0.000,False
1313,Zr4C3O2,164,0.000,False
1314,Sc4N3,164,1.941,True
1315,Ag2O2,10,0.000,False
1316,Al2S2,164,0.000,False
1317,Fe2Se2,164,5.162,True
1318,GeSe,156,0.000,False
1319,Co2F2,164,4.743,True
1320,Cu2Te2,123,0.000,False
1321,In2S2,164,0.000,False
1322,PbO,156,0.000,False
1323,Ti2S2,164,0.000,False
1324,Sc2Se2,129,0.000,False
1325,Sn2Te2,31,0.000,False
1326,Tl2Te2,164,0.000,False
1327,Zr2Te2,164,0.000,False
1328,Al2S4,12,0.000,False
1329,BaBr2,187,0.000,False
1330,CdBr2,115,0.000,False
1331,FeI2,187,4.000,True
1332,Fe2Te4,11,0.000,False
1333,Hf2I4,11,0.000,False
1334,HfSe2,187,0.000,False
1335,VCl2,164,3.000,True
1336,MnO2,187,0.957,True
1337,Mo2O4,11,0.000,False
1338,MoSe2,187,0.000,False
1339,Ti2N,164,1.039,True
1340,NbS2,115,0.000,False
1341,NiCl2,115,0.000,False
1342,VS2,187,0.953,True
1343,Zr2CO2,164,0.000,False
1344,Pt2S4,14,0.000,False
1345,ZrS2,164,0.000,False
1346,Nb2BO2,164,0.000,False
1347,V2BSe2,164,0.000,False
1348,Y2CF2,164,0.000,False
1349,SnO2,164,0.000,False
1350,TiTe2,187,0.000,False
1351,WO2,187,0.000,False
1352,W2Te4,11,0.000,False
1353,Zn2S4,14,0.000,False
1354,MgH2S2,164,0.000,False
1355,Mn2NO2,164,5.002,True
1356,V2NS2,164,0.000,False
1357,V2CH2O2,164,0.000,False
1358,GaNi5Br2,123,1.091,True
1359,BrSbSe,156,0.000,False
1360,InNi5I2,123,0.000,False
1361,Ag2Cl6,162,3.919,True
1362,Bi2I6,162,0.000,False
1363,Cr2I6,162,6.000,True
1364,Hf2Te6,59,0.000,False
1365,Ir2Se6,11,0.000,False
1366,Rh2I6,162,0.000,False
1367,I6Sb2,162,0.000,False
1368,Ti2Te6,59,0.000,False
1369,CrW3Te8,25,0.000,False
1370,Hf3TiTe8,25,0.000,False
1371,Ti3ZrTe8,25,0.000,False
1372,Rh2Br2S2,59,0.000,False
1373,BiBrTe,156,0.000,False
1374,Co2Br2Se2,59,0.000,False
1375,ZrBrI,156,0.000,False
1376,Co2Cl2O2,59,0.000,False
1377,Ga2Cl2O2,59,0.000,False
1378,Hf4Cl4Se4,31,1.957,True
1379,Ti2Cl2N2,59,0.000,False
1380,Rh2Cl2O2,59,0.000,False
1381,Pd2Cl2S2,59,0.000,False
1382,Zr4Cl4Se4,31,3.144,True
1383,CrSTe,156,0.000,False
1384,Fe2Li2P2,129,0.000,False
1385,Li2H2S2,129,0.000,False
1386,HfSeTe,156,0.000,False
1387,V2I2N2,59,0.981,True
1388,Zr2I2S2,59,0.000,False
1389,Li2Mn2P2,129,2.682,True
1390,VSSe,156,0.642,True
1391,TaSeTe,156,0.000,False
1392,Ag2Cl2Te4,4,0.000,False
1393,Cu2Cl2Te4,17,0.000,False
1394,Hf2P2Se6,2,0.000,False
1395,Hf2Zr2Te8,25,0.000,False
1396,FeZrCl6,149,0.000,False
1397,NiZrI6,149,2.000,True
1398,Ti3B2H2S2,187,0.000,False
1399,As4O6,7,0.000,False
1400,Mn2Se2,129,2.735,True
1401,O8Te4,14,0.000,False
1402,Ru2F8,14,4.000,True
1403,V2F8,14,2.000,True
1404,Zr2Cl2,164,0.000,False
1405,Al2FeS4,164,0.000,False
1406,Ca2Br2H2,129,0.000,False
1407,Co4Br4O4,14,0.000,False
1408,Cu2I4O12,4,1.999,True
1409,Fe2Ta2Te6,11,3.753,True
1410,In2ZnS4,156,0.000,False
1411,MgB2H8,164,0.000,False
1412,Nb2As2Ge2,129,0.000,False
1413,Nb2PdSe6,12,0.000,False
1414,Ni2Ta2Te10,51,0.000,False
1415,Pd6Ta4Te10,59,0.000,False
1416,Pt4Tl2S6,164,0.000,False
1417,Sc2O13Te5,1,0.000,False
1418,Ta2I4O2,47,0.000,False
1419,As2H2O10Te2,4,0.000,False
1420,CdPb2Cl2O2,12,0.000,False
1421,Na2H8I2O4,2,0.000,False
1422,Ni4Ta2Se2Te2,51,0.000,False
1423,MgNa2H4O8S2,2,0.000,False
1424,Sc3C2H2O2,187,0.982,False
1425,Cr3C2F2,187,6.012,True
1426,Zr3N2O2,187,0.000,False
1427,Sc3N2,187,1.689,True
1428,Sc4C3F2,164,0.000,False
1429,Cr4N3O2,164,10.390,True
1430,Al2S2,187,0.000,False
1431,Pt2Cl2,164,0.000,False
1432,Co2Se2,129,0.000,False
1433,Ga2Se2,164,0.000,False
1434,Ge2Te2,31,0.000,False
1435,HgSe,156,0.000,False
1436,Ir2S2,164,0.000,False
1437,Ni2Se2,123,1.116,True
1438,BaBr2,164,0.000,False
1439,Pb2Te2,129,0.000,False
1440,Rh2Se2,164,0.000,False
1441,S2Si2,31,0.000,False
1442,Tl2S2,187,0.000,False
1443,Zn2S2,164,0.000,False
1444,Zr2Te2,187,0.000,False
1445,Al2Se4,12,0.000,False
1446,CaBr2,164,0.000,False
1447,CdCl2,164,0.000,False
1448,Co2S4,14,1.546,True
1449,CrO2,187,0.000,False
1450,GeO2,115,0.000,False
1451,HfI2,187,0.000,False
1452,HfTe2,164,0.000,False
1453,V2N,164,0.000,False
1454,MnBr2,164,5.000,True
1455,MnS2,115,0.838,True
1456,MoO2,187,0.000,False
1457,NiSe2,187,0.000,False
1458,PbI2,164,0.000,False
1459,PdO2,164,0.000,False
1460,RhI2,164,0.952,True
1461,Rh4Se8,2,0.000,False
1462,Ru2Se4,11,0.000,False
1463,ScI2,187,0.971,True
1464,S2Si,164,0.000,False
1465,TiAs2,164,0.000,False
1466,TiTe2,115,0.000,False
1467,YI2,187,0.981,True
1468,ZrSb2,187,0.000,False
1469,Nb2BS2,164,0.000,False
1470,Zr2CF2,164,0.000,False
1471,Ta2CS2,164,0.000,False
1472,Ag2MoTe4,111,0.000,False
1473,OsH2O2,164,0.000,False
1474,Sb2SeTe2,164,0.000,False
1475,Cr2H2NO2,164,5.896,True
1476,InPd5I2,123,0.000,False
1477,Ga2Br6,162,0.000,False
1478,In2Br6,162,0.000,False
1479,Ir2Te6,11,0.000,False
1480,Ni2I6,162,2.000,True
1481,Tl2Br6,162,0.000,False
1482,V2Te6,11,1.235,True
1483,Zr2Br6,189,1.987,True
1484,HfTi3S8,1,0.000,False
1485,TiZr3S8,1,0.000,False
1486,Al2Br2O2,59,0.000,False
1487,AsBrSe,156,0.000,False
1488,TaAsSb,156,0.000,False
1489,BiTiSb,156,0.000,False
1490,Br2Ge2N2,59,0.000,False
1491,Mo2I2S2,59,5.934,True
1492,Zr2Br2N2,59,0.000,False
1493,Rh2Br2Se2,59,0.000,False
1494,BrSbTe,156,0.000,False
1495,Co2Cl2S2,59,0.000,False
1496,Ga2Cl2S2,59,0.000,False
1497,Pt2I2Se2,59,0.000,False
1498,Ru2Cl2O2,59,0.000,False
1499,Pd2Cl2Se2,59,0.000,False
1500,Zr2Cl2S2,59,0.000,False
1501,Fe2Li2Sb2,129,4.874,True
1502,Na2H2O2,129,0.000,False
1503,Zr4I4S4,7,2.871,True
1504,WSSe,156,0.000,False
1505,Ag2I2S4,17,0.000,False
1506,Co2F2O4,11,0.000,False
1507,Hf2P2Te6,2,0.000,False
1508,Ta2P2S6,2,0.000,False
1509,Zr2P2S6,2,0.000,False
1510,Mo2W2S8,25,0.000,False
1511,As4O6,81,0.000,False
1512,Ca2Cl2,129,0.000,False
1513,Fe2O4,59,4.331,True
1514,Mo2O6,11,0.000,False
1515,S8Si4,14,0.000,False
1516,V4O10,11,0.000,False
1517,Zr2Cl2,164,0.000,False
1518,Al2MgS4,164,0.000,False
1519,CuLi2O2,12,0.998,True
1520,Fe3GeTe2,187,6.317,True
1521,Hf2Si2Te2,129,0.000,False
1522,In4Br4Te4,14,0.000,False
1523,Sc2Cl2H2,164,0.000,False
1524,Li2V4O10,59,1.996,True
1525,Nb2Br4S4,12,0.000,False
1526,Nb2Pd2Te10,51,0.000,False
1527,Pd2N4O12,14,0.000,False
1528,Pt4Tl2Se6,164,0.000,False
1529,Ta3I7Se,156,0.000,False
1530,W2Cl4O4,26,0.000,False
1531,Zr2Br2N2,164,0.000,False
1532,As4H2O12P2,4,0.000,False
1533,Cd2H4O8Se2,31,0.000,False
1534,Cu2As4Cl2S3,6,0.000,False
1535,Ga2H2O8Se2,11,0.000,False
1536,Li2H4N2O6,7,0.000,False
1537,V3B2H2S2,187,0.000,False
1538,Hf3C2F2,187,0.000,False
1539,Nb3C2O2,187,0.000,False
1540,Cr4C3H2O2,164,1.991,True
1541,Mo4H2N3O2,164,0.000,False
1542,Ta3N2,187,0.000,False
1543,Y4F2N3,164,0.000,False
1544,Hf4N3O2,164,0.000,False
1545,Nb4C3,164,0.000,False
1546,Ti4N3,164,0.000,False
1547,Au2Te2,10,0.000,False
1548,Bi2O2,187,0.000,False
1549,Cs2Cl2,129,0.000,False
1550,K2Cl2,129,0.000,False
1551,PbTe,156,0.000,False
1552,Co2Te2,164,0.000,False
1553,Cu2I2,164,0.000,False
1554,SnTe,156,0.000,False
1555,Ga2Te2,164,0.000,False
1556,Ni2Se2,187,0.000,False
1557,Pt2O2,10,0.000,False
1558,SnO,156,0.000,False
1559,CaBr2,187,0.000,False
1560,CoBr2,164,3.000,True
1561,CrO2,164,2.000,True
1562,GeO2,164,0.000,False
1563,HfTe2,115,0.000,False
1564,Ir4Te8,2,0.000,False
1565,Pd2S4,14,0.000,False
1566,Mo2Te4,11,0.000,False
1567,Se2Si,164,0.000,False
1568,SnS2,115,0.000,False
1569,SrCl2,187,0.000,False
1570,NiSe2,164,0.000,False
1571,PbI2,187,0.000,False
1572,PtS2,164,0.000,False
1573,Re4O8,2,0.000,False
1574,Re4Te8,2,0.000,False
1575,WTe2,187,0.000,False
1576,BiTiSb,156,0.000,False
1577,TaO2,115,1.000,True
1578,TiTe2,164,0.000,False
1579,ZrCl2,187,0.000,False
1580,ZrSb2,164,0.000,False
1581,Nb2BSe2,164,0.000,False
1582,Zr2BSe2,164,0.000,False
1583,Hf2CO2,164,0.000,False
1584,Ti2CS2,164,0.000,False
1585,MoH2O2,164,0.000,False
1586,Zr2NS2,164,0.000,False
1587,Y2CH2O2,164,0.000,False
1588,Hf2H2NO2,164,0.000,False
1589,Au2MoO4,8,0.000,False
1590,InPt5I2,123,0.000,False
1591,Au2Br6,162,3.717,True
1592,Ga2Cl6,162,0.000,False
1593,W2Br6,189,0.000,False
1594,Zr2Cl6,189,1.980,True
1595,Al2Br2S2,59,0.000,False
1596,BiNbAs,156,0.000,False
1597,AsBrSe,156,0.000,False
1598,Ru2Br2S2,59,0.000,False
1599,BrSbTe,156,0.000,False
1600,Co2Cl2Se2,59,0.000,False
1601,Sc2Cl2O2,59,0.000,False
1602,Zr4Cl4S4,31,3.143,True
1603,Co2I2O2,59,0.000,False
1604,CrSeTe,156,0.000,False
1605,Fe2Mg2Si2,129,0.000,False
1606,Na2H2S2,129,0.000,False
1607,Rh2I2S2,59,0.000,False
1608,ISbSe,156,0.000,False
1609,Li2Ni2Sb2,129,0.000,False
1610,NbSSe,156,0.000,False
1611,TiSeTe,156,0.000,False
1612,Co2H2O4,11,0.000,False
1613,Ni2P2S6,162,3.910,True
1614,Zr2P2Se6,2,0.000,False
1615,Mo2W2Se8,25,0.000,False
1616,FeZrI6,149,0.000,False
4003,Mn2F7,13,13.999,True
1783,CrBr2,14,8.002,True
4899,Mg2As,59,1.811,True
1743,Mn2Cl7,13,13.998,True
1437,VBr3,162,4.009,True
3007,MnHO2,8,4.0,True
1904,VI3,162,4.001,True
3008,NbS2,187,0.518,True
4605,Ca2FeClO3,129,10.016,True
1058,MoI2,166,3.996,True
4544,SbP2O7,2,2.002,True
4668,LiMnF3,162,9.997,True
5500,CuSiO3,51,2.006,True
4656,MgCr2O5,59,8.003,True
4019,CaP(H2O3)2,2,2.017,True
2377,CeSe,129,1.871,True
4522,CoTeMoO6,18,6.008,True
5976,Fe3GeTe2,187,6.423,True
2817,MoI5,13,1.997,True
3589,TbCl,164,1.56,True
5137,FeCl3,162,9.999,True
3455,KFe2Se3,51,1.097,True
4631,MgMn4O9,85,23.999,True
4796,Li2MnP2O7,113,9.997,True
3511,LiV2O5,59,2.005,True
4332,CrPO5,2,3.999,True
5148,TaFeTe3,11,3.832,True
5372,Ga2CuCl8,14,2.001,True
3295,Cu2BrO3,11,1.999,True
4409,Co(IO3)2,1,3.001,True
2031,Ba2Bi,25,0.684,True
1097,PdN2,164,1.114,True
4385,U2Te5,47,9.056,True
5473,Mn(NbS2)2,164,2.408,True
1149,W3O8,12,2.0,True
4439,Ti(FeSe2)2,2,1.586,True
2639,TlBi,127,1.998,True
3242,HoFeGe2,129,2.109,True
398,Tb5Cl8,10,0.501,True
5524,FeTe,129,4.561,True
2073,NbI4,1,2.01,True
1757,Mn2Br5,13,18.004,True
469,MoI2,164,2.003,True
1652,RuCl4,14,3.999,True
1522,VCl4,14,4.012,True
4174,Mn2F5,13,18.0,True
3731,VClO,59,4.003,True
4476,RuCl3,162,2.0,True
4585,MnNb2Zn2O8,13,10.007,True
3528,KMnP,129,2.857,True
410,C3Cl8,1,2.005,True
2976,Ca2Bi,59,1.573,True
1221,CaC2,164,2.409,True
5278,Sr2FeClO3,129,10.024,True
3185,YbCl3,59,1.784,True
5736,VSb(PO4)2,11,4.005,True
2021,AlS,156,0.997,True
2562,CdSe,156,1.239,True
4891,Ni(HO)2,156,2.0,True
3549,Fe(SbS2)2,26,6.379,True
982,AuCl2,14,1.732,True
6285,ZnP,187,0.782,True
4534,FeTeBr7,1,9.999,True
4339,FeS2,54,11.832,True
6318,Sr2Ce,187,2.171,True
6125,YbBr3,12,2.0,True
5658,FeSeCl7,1,10.001,True
5396,Ta2I5,8,1.013,True
1142,CeC2,123,1.186,True
2374,TaO2,191,0.924,True
4038,FePS3,162,8.004,True
5078,Li2VF6,59,2.015,True
5576,LiNiPO4,11,4.0,True
4148,LiFeP2O7,2,9.998,True
3065,CrTe4Au,10,2.576,True
4066,Sr2Cu2NiO7,26,5.133,True
2256,Nb2Br5,8,0.942,True
3287,CaBO3,11,2.031,True
6001,BaU,156,3.144,True
3795,FeMoClO4,129,10.008,True
3005,CoO2,47,2.954,True
1412,V2Se3,11,0.727,True
2294,ZrO2,191,1.343,True
3889,FeClO,59,10.0,True
2246,NiF2,11,4.001,True
4357,Co(ReO4)2,164,2.998,True
3655,MnTeMoO6,18,10.004,True
6161,NpS3,51,7.21,True
2977,Ba2P,59,0.889,True
5676,V3Co3(TeO8)2,1,10.004,True
5064,VBr2,164,3.003,True
5246,CuHClO,14,4.0,True
5835,LiCuPO4,113,2.02,True
518,PdCl2,164,1.999,True
5707,YCrF5,47,4.003,True
5264,MnCo3O8,164,12.0,True
1235,EuPb2,164,7.706,True
5609,Ta2VZn2O8,13,6.01,True
4945,CrOF,59,6.001,True
5483,Na2UI6,147,1.997,True
1322,Re3I8,1,5.004,True
2934,Ca2Sb,59,1.639,True
3193,KSnN3,147,12.002,True
5740,V3(HO2)4,8,2.999,True
4373,Co(HO)2,156,3.0,True
733,NpCl3,187,4.002,True
5643,Cr3O8,12,2.0,True
811,TiF3,162,2.002,True
3055,NpSe3,11,6.059,True
4519,GdZnPO,164,14.004,True
5903,YBi3F15,11,2.054,True
5848,Li2Mo(PO4)2,147,1.073,True
5108,LiV2OF5,8,3.998,True
5154,MoO2,12,8.001,True
1328,PuCl3,187,5.0,True
6106,CdAs,187,0.956,True
4249,Li2Mn(PO4)2,2,3.0,True
3525,RbMnAs,129,7.539,True
4415,LiCu3F10,7,1.188,True
5153,Mn3VO8,164,10.001,True
2781,VSe2,191,2.408,True
5689,LiVF4,2,8.001,True
763,RhS2,164,0.728,True
2659,TaI4,7,2.008,True
2935,Sr2Sb,59,1.451,True
3128,CrSe2,164,2.144,True
5797,AgRuF7,14,11.796,True
4948,CrSe,129,0.652,True
5775,ZnFeF5,13,10.0,True
1503,V2Te3,11,1.789,True
977,YF,164,1.537,True
883,U2Se5,10,8.941,True
1372,V3Br8,164,7.001,True
5392,LiFe2OF5,8,10.027,True
5242,Mn3CuO8,164,8.002,True
1178,IrCl2,164,1.0,True
1978,TaBr4,14,3.995,True
1833,MnS,129,2.568,True
5196,HoCoSn2,59,2.203,True
841,Tb5F8,10,1.892,True
3207,MgTi,156,1.374,True
4613,Ti(BiO3)2,99,2.0,True
688,MoCl2,12,4.0,True
1516,Tc2F7,13,10.004,True
3035,Co(ClO3)2,12,2.997,True
5113,Rb3Mn2Cl7,123,10.023,True
1517,VS,129,0.638,True
5852,CeTe3,129,0.714,True
3884,VO2,191,2.0,True
4165,AgO2F,11,2.583,True
282,WI2,164,2.003,True
5407,TlMo2Cl7O2,2,4.0,True
3248,Ni,164,2.634,True
5597,ZnCr2O5,59,8.023,True
4484,VCl2O,51,2.002,True
4505,FeO3,12,7.764,True
4821,YMnF5,47,4.999,True
5582,FeBr2,164,3.999,True
78,NCl4,1,2.0,True
1706,TaCl3,162,2.0,True
5239,Li(CoO2)2,156,8.774,True
1257,FeBr4,14,8.003,True
2631,CrSn3,191,3.942,True
5493,Al2FeS4,164,4.01,True
5828,Li2Fe3F8,164,12.004,True
4280,Ni(ClO4)2,147,2.002,True
6303,EuTe,123,21.043,True
4860,LiNiPO4,51,3.999,True
6038,KN3,10,1.995,True
5147,Ba(MoO2)4,162,10.002,True
3454,Mn(HO)2,164,5.014,True
3807,VOF2,25,1.0,True
5222,Sr2FeBrO3,129,10.041,True
4006,CrAgSe2,156,2.275,True
3136,ZrCl3,12,2.003,True
1253,ScF2,187,1.006,True
3851,YFeF5,47,4.0,True
4593,YWF5,47,3.999,True
4336,Ga2NiS4,164,2.009,True
3184,Mn(AlS2)2,156,4.548,True
1636,CrCl2,12,4.0,True
5902,Li2NbP4O13,2,2.008,True
1219,Sr5Y,1,1.002,True
782,ScCl2,187,1.003,True
5808,MgN8,83,6.008,True
1780,Cr3Se4,164,9.946,True
3416,Cr3N2,5,9.433,True
2692,CrC3,187,2.044,True
5853,V3CrO10,115,1.0,True
5800,Al2CuCl8,14,2.01,True
1637,VF4,123,1.002,True
1842,Mn3Br8,12,12.998,True
3476,TbBr,164,1.504,True
5899,Mn3(SeO3)4,2,26.03,True
3325,SrFe2S2O,59,16.0,True
6197,Cr3As2,12,1.149,True
145,UBr3,59,6.001,True
1712,VF2,164,3.002,True
5794,V3Se2ClO8,2,11.99,True
1298,O5F2,4,4.009,True
1077,Ba2P,164,0.79,True
5712,VZnF5,2,1.997,True
101,PBr4,2,2.001,True
152,NpF3,59,8.008,True
1220,WBr4,1,4.003,True
3243,FeBiO3,99,4.804,True
3492,NaMnAs,129,2.995,True
2554,NbBr4,53,1.98,True
5143,Ba2Cr3O7,25,8.031,True
5139,LuFeGe2,129,1.771,True
40,MoBr2,12,4.001,True
3085,HgNCl,51,4.001,True
5133,MoF5,51,2.002,True
4151,BaTl(CoO3)2,6,14.201,True
1114,Tc2Cl7,13,9.999,True
5843,HfFeCl6,149,3.999,True
2110,I3N,187,0.702,True
1551,Tc2F7,4,20.025,True
1209,CrI4,2,4.333,True
3472,Ta2AgF12,2,0.99,True
4564,SrBr3,191,0.802,True
5036,Zn2Cu(AsO4)2,2,0.948,True
5489,UTe5,11,4.0,True
5611,Li2VP4O13,2,2.001,True
2880,VI5,47,0.569,True
3089,Mn(InSe2)2,156,4.739,True
1130,ScF,164,1.467,True
4975,MnH2SO4,7,10.001,True
2535,CdSe,156,1.141,True
1585,Re2F5,13,14.004,True
2468,CdS,156,1.076,True
5448,LiVF4,2,4.0,True
5432,MgV4O9,85,7.999,True
3739,CuBr2,12,0.737,True
2559,CdS,156,1.632,True
210,PuCl3,59,10.0,True
4829,Ba2Co3O7,47,9.641,True
5454,SnCCl3,156,1.011,True
642,FeCl4,14,7.999,True
1050,Re2Br5,13,1.909,True
2797,HoN2,21,2.955,True
5268,EuBrO,129,12.001,True
757,TaBr3,162,2.006,True
1659,VI4,14,4.001,True
3312,NaN3,10,1.998,True
2650,Mo4O9,1,11.999,True
5862,VBiO5,14,2.435,True
4659,Sr2Cu2BiO7,26,1.039,True
4216,Li2Fe(PO4)2,147,3.369,True
4749,LiMnF5,4,5.999,True
5834,ZnCu(GeO3)2,13,2.0,True
427,Br4N,1,1.72,True
5357,LiNi(PS3)2,149,0.999,True
2369,OsO2,164,1.427,True
5724,Te2OsCl12,2,2.001,True
4438,W3O8,10,2.004,True
5831,Zn(Mo3O8)2,156,6.004,True
5802,CaGe2WO6,14,8.018,True
935,NbBr3,162,2.009,True
4408,Mn2CrO6,12,8.0,True
295,BN5,26,3.945,True
2840,BiBr5,51,3.983,True
4707,Ba2Co3O8,123,10.562,True
2549,Mo3O8,2,2.001,True
5255,NaV2O5,11,2.0,True
6019,KC2,129,2.001,True
1429,Cr3S4,164,8.944,True
4929,LiVF4,10,1.998,True
3557,Na4Br2O,123,0.537,True
570,WBr3,162,6.003,True
2515,Nb2F5,1,1.01,True
5195,Nb3Cl8,156,1.015,True
5170,UTe3,59,4.009,True
1811,Mn2Br7,13,14.0,True
400,In2Fe,123,2.534,True
41,Ba2As,164,0.751,True
454,TcF2,164,0.706,True
486,NbSe2,12,1.17,True
4669,Cu3OF5,4,3.076,True
4885,Sr2CrSO3,59,3.99,True
3423,Np(OF)2,191,0.998,True
4807,FeHO2,156,5.0,True
5028,Nb2Zn2CuO8,2,2.002,True
5155,MnTlO3,162,4.459,True
4166,CeBiS2O,129,1.79,True
5553,La(BiO2)2,164,1.001,True
2338,NCl5,51,0.541,True
5322,Nb2Zn2CoO8,13,6.001,True
4162,LiVF4,14,8.007,True
5588,Cu3OF5,2,0.59,True
4338,V3OF11,1,1.999,True
3504,TiClO,59,2.004,True
1687,MnTe,129,8.634,True
3037,CeI3,59,2.001,True
4926,ZnS,156,1.49,True
1331,Tc2Br5,13,3.135,True
3234,ThCo5,191,4.597,True
4170,MgFe4O9,13,32.002,True
2074,AgO2,164,2.003,True
5481,MnSbO4,10,4.0,True
1360,OsBr4,14,3.846,True
4175,Li2VO2F,51,4.0,True
510,GeI4,123,0.723,True
4767,Mo3O8,10,1.999,True
5747,CrAg(PS3)2,13,6.007,True
994,CePb5,47,0.929,True
4864,Mn2FeO6,12,10.0,True
5849,I(NO3)2,147,1.0,True
4460,Li2Cu2F5,11,2.002,True
5427,Li2Cu3F8,2,3.0,True
4105,MnCoO4,10,5.754,True
2826,CrCl5,10,1.999,True
3503,LiV2O5,59,1.999,True
2231,Ba2P,115,0.557,True
3970,UTeO,129,4.002,True
2258,CuCl2,115,0.697,True
3148,CdO2,164,2.0,True
5564,LiCoSiO4,11,8.01,True
4726,LiCo5O5F,156,15.366,True
4683,MgMo2O5,59,6.683,True
5461,CrPO5,85,1.999,True
4471,CrHO2,14,11.998,True
4912,AgHO2,8,1.236,True
4333,Al2Os,123,0.502,True
419,ReCl2,164,1.003,True
2779,VTe2,191,3.325,True
4014,Mg2Mo3O8,10,5.999,True
3320,Mg2Ti,51,1.07,True
6220,EuSe,123,21.009,True
4554,Gd2CF2,164,14.0,True
1093,FeF3,162,9.999,True
2628,NbCl4,1,2.001,True
3846,AgSb2F12,2,1.0,True
5889,CaMoAsO5,1,6.001,True
3075,NiHO2,8,1.0,True
366,Si3Cl8,1,2.006,True
5641,Li5Zn4(BO3)4,1,1.0,True
3030,FeHO2,31,10.005,True
3931,Mn(HO)2,156,4.999,True
3203,VS2,187,0.994,True
5131,CuCO3,14,3.996,True
5152,CoF4,127,6.002,True
724,PtBr2,164,1.999,True
1862,NbF4,14,4.001,True
1477,NbSe2,2,0.999,True
5243,BaTl(MoO3)2,6,4.134,True
3876,FeHO2,31,10.01,True
3595,MnBr2,164,4.999,True
181,ReBr2,164,0.999,True
2130,InSe,156,1.0,True
5287,GdOF,129,14.002,True
1845,ZrBr3,162,2.0,True
2739,CrF5,10,1.86,True
4619,UTeN,129,2.0,True
3211,KPO4,11,4.032,True
4356,Mn3CrO8,164,10.999,True
5875,Li3Sn(PO3)6,1,1.002,True
6216,Ba2Ce,12,1.357,True
5769,CuMoF6,2,1.852,True
5083,Cr(WO4)2,2,1.999,True
2056,VTe2,47,1.815,True
1796,Tc2F5,13,14.009,True
2538,N2O3,1,0.83,True
2908,HgSe,156,1.22,True
5460,Ba(NiO2)4,162,10.005,True
936,Ba2Bi,164,0.65,True
5415,VF4,14,4.003,True
2106,ZnSe,156,1.357,True
745,UF3,59,5.998,True
1912,Tc2I5,13,2.298,True
2423,BiCl5,51,4.005,True
1336,InN5,26,1.805,True
2646,VI5,51,1.394,True
2816,TaCo3,191,16.85,True
4676,VOF,59,4.005,True
140,Ca5Y,1,1.122,True
2752,Nb2O3,5,3.995,True
5094,YbClO,164,2.002,True
5401,YVF5,47,2.999,True
923,Al2Te3,189,2.003,True
3526,Mn2Te3O8,5,10.026,True
361,WI3,162,6.006,True
5037,Mn3SnO8,156,6.992,True
3041,U2S,13,3.2,True
4226,V2ZnS5,59,2.126,True
4562,LiVOF3,14,4.0,True
4117,VF4,14,4.002,True
3140,Al2FeS4,156,3.193,True
6307,MnSb2,8,7.227,True
1827,HfBr3,162,1.987,True
4799,MnCSO7,11,6.001,True
716,OsCl4,14,3.999,True
1326,TcI4,14,2.011,True
4142,ZnCu(SiO3)2,13,1.999,True
3067,CoO2,12,3.001,True
4551,LiFe2C2O7,1,8.997,True
3563,FeCl2,164,3.999,True
274,PtI2,164,1.161,True
5612,Li3V2(O2F)2,6,8.998,True
5138,Li2Mn3F8,164,14.996,True
674,USe5,4,4.025,True
803,WCl3,162,6.001,True
4491,MoF4,7,4.005,True
3093,Ni(ClO3)2,12,3.261,True
2495,Be2As,115,0.674,True
4070,Mn5O9F,1,16.001,True
2804,Ru3S4,164,0.54,True
3378,Sr2Co(BrO)2,123,2.341,True
805,Y2Br5,11,2.0,True
1264,VI4,123,0.996,True
1577,NbBr4,123,0.507,True
2407,W3O8,12,1.997,True
2593,BiO2,191,1.007,True
1670,Re2F7,13,10.005,True
4212,Eu(ReO4)2,147,7.001,True
5410,LiCuPO4,51,2.024,True
4393,Fe3Se4,12,5.639,True
4815,Fe(Si2O3)2,1,4.994,True
1792,CrS3,14,24.008,True
3112,Mg5Ti,8,2.398,True
3983,Ba2LiN,115,2.732,True
5295,MgV2S5,59,3.999,True
5696,Sn2P3O10,11,0.973,True
5465,WF5,51,1.994,True
2033,SbCl4,1,2.01,True
4857,Ba(FeO2)4,162,18.001,True
2455,OsSe2,164,2.003,True
5545,Ba(BiO2)4,162,0.713,True
3095,VTe2,12,2.575,True
1734,NbI4,123,0.503,True
1,Ba2Sb,164,0.749,True
4517,TlW2(Cl3O)2,10,2.995,True
4941,YbH2ClO2,11,2.001,True
1613,TaF4,123,0.525,True
5648,V2Re2O11,1,4.04,True
5464,Mg2SiO4,123,2.146,True
5708,LiNiPO4,4,7.981,True
3677,NbO2,187,0.584,True
5430,Sr2GaSb2O7,4,2.016,True
4350,Zn2CrN2,12,0.521,True
1481,Mn2I5,13,17.99,True
6202,CdBi,156,0.957,True
750,WF2,12,4.0,True
3953,BaTl(SnO3)2,59,1.4,True
5678,Sb(PO3)4,4,2.003,True
3815,SbO2,191,0.785,True
946,In2Te3,150,1.784,True
5661,CuB2(PbO3)2,14,2.001,True
14,MoF2,12,4.002,True
3107,Tl2CuF4,123,1.0,True
5302,Nb2Zn2CrO8,7,8.006,True
4113,TlFeSe2,12,2.0,True
4342,Fe2C2O7,5,10.006,True
4023,Fe(HO)2,164,4.071,True
3646,GdBr3,162,14.01,True
4479,Li2V3(CO3)6,2,5.007,True
963,PdI2,164,1.862,True
5762,Li2FeP2O7,113,8.0,True
1894,CrTe2,11,4.686,True
5384,CaSnS3,25,2.02,True
3901,FeO2,164,4.0,True
1942,Tc2I7,13,9.99,True
5118,VBrO,59,4.005,True
1799,VBr4,14,4.016,True
3943,Mn3SbO8,12,9.999,True
4684,YCl,164,1.57,True
1039,TcI3,12,4.007,True
4112,CrSiTe3,162,6.001,True
2356,CrP2,2,1.118,True
4568,Fe(CO3)2,147,4.003,True
5482,Re(AgCl3)2,147,2.999,True
3494,Mn2NiO6,162,5.999,True
5446,MgV2O5,59,4.002,True
2617,CrPb3,191,3.963,True
4743,NbOF2,47,1.004,True
371,CBr4,123,1.822,True
1083,ReI4,14,1.632,True
2026,CeTe,129,1.94,True
5457,BaClO3,129,2.761,True
4566,LiFeO2,156,5.0,True
1316,NbCl4,14,3.999,True
6,TcTe2,164,1.106,True
4964,Nb2ReO8,13,2.002,True
2064,CCl4,1,2.002,True
5900,ZnWF5,13,4.025,True
1524,Ba5Ir,26,0.852,True
3611,VCl2,164,3.002,True
1918,NbI4,14,3.999,True
5542,Rb3Nb2Br9,187,2.007,True
4079,Sr2CoSO3,129,5.995,True
1895,MoI4,2,4.0,True
2561,B2S3,1,0.545,True
3316,NiPSe3,162,1.951,True
1905,FeF2,164,4.001,True
2498,ReO2,59,2.074,True
3280,CeMg,59,0.559,True
2346,CrAs2,2,2.299,True
3837,Re(TeCl6)2,2,3.0,True
5204,LiNiPO4,3,2.0,True
5378,Li(FeO2)3,157,12.998,True
4846,NbFeTe2,53,7.209,True
4206,Li2VF6,164,1.001,True
5918,Cu3OF5,2,2.446,True
4966,Mn3Co2Te3O16,1,16.997,True
1418,MnCl3,162,7.999,True
4234,W2O5,59,4.022,True
1281,TcCl4,14,5.605,True
1603,MnI4,14,6.118,True
734,PtF2,164,2.002,True
4898,MoO2,191,0.886,True
621,GdI3,12,14.007,True
1325,EuSi2,164,7.508,True
4718,MoF5,47,1.002,True
3612,CrI2,12,4.002,True
4154,Li2Cr3(CO3)6,2,8.008,True
1931,Pb3Cl8,1,2.0,True
2481,Ba2Sb,115,0.722,True
2911,HgTe,156,1.006,True
5014,LiFe2O2F3,8,20.005,True
5774,CeP3H8O7,2,2.002,True
391,MoCl4,2,3.998,True
5261,MnP2O7,2,8.172,True
3033,CaFeSO,156,3.999,True
3470,UNCl,129,4.002,True
2768,RhC3,187,1.604,True
2081,TlS,156,1.019,True
4942,MnSbS2Cl,26,10.017,True
2819,TaRh3,191,5.245,True
5557,AlCrF5,47,4.536,True
4331,CrF2,14,8.004,True
6260,HgAs,187,0.85,True
5181,SrBi5O9,6,1.003,True
4261,CoO2,164,3.0,True
4561,MgCr4O9,85,16.0,True
4844,FeBiSbS4,26,1.456,True
1378,N2O3,4,1.958,True
4429,MgNiP2O7,2,3.995,True
2556,TlSe,156,1.019,True
5304,Sn2P3O10,5,1.016,True
5651,Cu(IO3)2,4,2.0,True
5259,CuH4(IO4)2,14,2.005,True
161,MnSe2,11,3.999,True
2049,Ge3W,191,1.708,True
5151,Li4Fe(PO4)2,2,4.0,True
2969,Mg2Sb,59,1.634,True
3400,TiCuF6,2,1.0,True
2511,Ge2O5,30,4.001,True
930,TcCl2,164,1.004,True
5574,Mg2Co3O8,10,10.097,True
5044,Li2CoP2O7,113,5.999,True
3425,UTeP,123,3.641,True
2436,CrGe3,191,3.884,True
1896,VTe3,2,3.192,True
5477,Na2SnO6,147,6.032,True
1133,YF2,187,1.007,True
5652,VH2SeO5,2,1.999,True
5529,Cu2IO3,11,1.795,True
5827,MnNiO3,147,9.999,True
5568,UTe3,129,4.743,True
5442,V2P4S13,2,8.0,True
2526,TlAs,127,1.706,True
3990,Ga2Fe2S5,164,7.499,True
5079,LiV2O4,11,6.003,True
5851,Li2V3F8,164,8.996,True
4374,MnPSe3,162,10.002,True
5419,Mn3OF6,2,25.999,True
5085,Cu4Bi7S12,10,0.606,True
4779,GdBrO,129,14.001,True
5534,La2I5,11,2.002,True
2730,CrBr5,10,2.388,True
2989,VTe2,164,1.007,True
5716,MgW4O9,85,16.011,True
2205,Be2Bi,115,0.971,True
296,Tb5I8,10,1.664,True
3891,PuI3,59,10.014,True
4128,Li4VF8,3,1.0,True
6091,HgBi,156,0.858,True
2766,CrI5,13,6.64,True
3553,Ce2O3,150,1.525,True
4933,MnSbSe2Br,10,19.844,True
290,CrCl4,10,3.907,True
5398,ZnGe2WO6,14,8.023,True
3385,YbCl3,12,2.006,True
4265,FeOF,47,9.999,True
5451,BaTlV2O6,1,5.185,True
2909,GaN5,7,11.995,True
1976,Tc2Cl7,4,16.015,True
629,CI4,123,1.832,True
1917,WI4,1,4.009,True
2324,FeSe2,164,1.678,True
4644,LiV2OF7,8,2.0,True
1057,MoBr4,2,4.001,True
4852,NiTeO4,10,2.001,True
4062,RuF4,14,3.999,True
5480,VSO5,85,1.999,True
4199,Li2VF6,31,1.999,True
1635,CrCl2,14,8.002,True
1773,Sc2I5,11,2.022,True
2667,AuF2,115,1.002,True
4046,Cr3Sb5O16,8,8.946,True
781,OsBr3,162,1.998,True
1410,IrF4,127,5.999,True
2950,Sr2P,59,0.779,True
3847,CrBrO,59,6.006,True
5581,GdGa2Co,123,15.432,True
1245,ScI,164,1.516,True
2956,BSe,187,1.415,True
4247,MnBiSe2I,10,10.005,True
4998,Er(ReO4)2,147,0.868,True
3219,Ag2IO6,162,2.998,True
3971,Ba2Ti3O7,25,0.596,True
5914,CrO2,8,23.991,True
4587,CuH2(CO2)2,14,1.998,True
3305,Ga2Fe2S5,164,7.436,True
1487,CoF2,164,3.0,True
2842,MoBr5,25,1.985,True
728,SnAs3,164,0.843,True
5340,FeSb(PO4)2,11,10.007,True
4362,BaCr4O8,162,10.0,True
4489,TaSe2,147,0.999,True
4755,LiVSiO4,11,4.01,True
4556,WO2,191,1.084,True
5362,V(TeO3)4,1,0.999,True
5896,CuSeO3,2,3.907,True
5182,Ba2Fe3O8,123,13.869,True
1182,ReBr3,162,4.002,True
2673,V2Br5,8,5.003,True
1302,NbBr4,14,4.004,True
1011,AgBr2,14,1.858,True
975,Sr5Tm,1,1.005,True
5176,TiZn(BiO3)2,99,0.737,True
4928,Li2NiO2,164,2.0,True
3908,CrPO4,12,6.007,True
4260,Li4Ni(PO3)6,1,2.014,True
3578,Pr2Br5,11,2.002,True
4754,Mo(WO4)2,2,2.001,True
1946,MnTe2,164,2.758,True
1120,NpBr3,187,4.002,True
3249,SrTa2O7,123,2.0,True
6102,UGe2,12,3.1,True
3302,V2H2O5,12,2.0,True
2553,WC3,187,1.803,True
4997,Tl2Cu3(SeO3)6,2,1.001,True
2362,Nb2I5,1,1.017,True
2866,CrBr5,13,6.001,True
4359,Ba2Cr3O8,123,6.005,True
5045,Ba2TlBi2O7,123,0.638,True
4700,LiWCl6,143,3.999,True
993,EuN2,38,6.425,True
4936,Nd2BC,12,1.481,True
4650,V4ZnO10,25,2.001,True
600,ReTe2,164,0.966,True
2722,WBr5,47,0.903,True
6224,Ca2Ce,51,4.037,True
567,Pr2Cl5,11,1.998,True
4816,V3O7,31,1.999,True
2759,CuF2,115,1.0,True
2774,IrC3,187,1.597,True
710,Re3Cl8,1,0.998,True
687,Er6Br7,2,0.755,True
817,NpCl3,59,8.013,True
1782,VSe2,2,2.389,True
4508,CrBr2,12,4.001,True
4727,LiFeF4,111,5.005,True
1087,AgCl2,14,2.003,True
3750,Eu(CdP)2,164,7.002,True
4230,Pr(ReO4)2,147,0.678,True
5013,Ba2V3O8,123,1.305,True
2770,Mo3O8,164,2.0,True
3881,Sr2MnClO3,129,8.008,True
1095,TcBr4,14,5.597,True
631,Er6F7,2,0.506,True
4674,Cr4O9,85,12.0,True
900,MnI3,164,24.0,True
5132,LiCoO2,156,4.0,True
3209,CdCl4,53,4.004,True
5015,MgCo4O9,7,27.971,True
3825,CrCl3,162,6.003,True
4783,CrS2,164,2.018,True
5260,FeHO2,31,10.012,True
3984,Li3Fe2F9,174,10.0,True
3986,CoTeO4,10,2.999,True
1841,Sc2F5,11,1.997,True
1471,CrI2,14,8.004,True
242,Si3Br8,1,2.017,True
2442,V2F5,1,4.999,True
5027,LiCrO2,156,2.998,True
3929,CdCN2,156,2.001,True
5201,LiFeBO4,11,7.998,True
6048,U2Te,13,3.455,True
4626,LiNiPO4,51,2.001,True
3160,CeMg2,12,1.324,True
5884,ZnMoF5,1,4.0,True
3744,CrHO2,156,3.0,True
4826,Sr2Mn2GaO7,26,13.975,True
1488,VI4,14,4.012,True
3228,CeSe2,129,1.178,True
962,V3F8,164,7.005,True
4179,Sr4As2O,123,4.062,True
5816,Pb2CO6,156,3.207,True
5290,Li5NiOF5,156,2.001,True
3734,MnCl2,164,4.999,True
3381,RbHfMg6O7,99,0.549,True
5720,ZnP2WO7,2,6.023,True
5220,MnSbS2Br,10,10.014,True
4436,AgClO2,11,4.002,True
1597,RhF4,127,6.001,True
3938,Nb2VZn2O8,13,6.009,True
5341,MnTeO4,10,5.0,True
1200,LaF,164,1.856,True
4608,YNiF5,47,2.017,True
6320,CaAs,25,0.919,True
4278,CrPS4,12,6.003,True
3170,CdClO,156,1.001,True
3159,Mn(SbS2)2,12,5.003,True
4863,Ca3Fe2Cl2O5,123,10.027,True
4717,Cr3Te4,164,10.0,True
4878,MnAs2F12,81,5.002,True
4697,VAg(PSe3)2,5,2.001,True
2919,As4C3,1,2.002,True
1465,MnBr3,12,7.999,True
2301,GaS,156,1.001,True
1658,RuI4,14,1.602,True
1843,MoF2,127,43.999,True
2884,MoO2,1,23.999,True
4628,V3Fe3(TeO8)2,1,15.004,True
2622,Mn2I7,13,18.004,True
4873,Co3TeO8,164,11.03,True
5579,LiMnO2,59,7.575,True
2485,LuN2,21,2.823,True
4217,TeMoCl7O,14,3.997,True
1758,MnCl4,14,5.999,True
6068,HgP,187,0.735,True
2888,VBr5,47,0.897,True
5020,MgBiPO6,11,4.004,True
5779,AlH4(SeO4)2,14,2.009,True
3408,Eu2ZnGe3,187,15.381,True
889,NbS2,2,0.999,True
4760,BaMn4O8,162,14.036,True
1945,VBr5,1,2.0,True
5782,VSeO4,14,4.007,True
1750,MnCl3,164,24.006,True
4689,Si3Mo,191,1.179,True
549,MoBr2,14,8.003,True
5024,NpI3,59,8.087,True
4793,BaTi4O8,162,1.999,True
2802,YbI3,147,1.013,True
4202,Sm(AlCl4)2,13,2.028,True
24,VBr4,123,0.999,True
4600,Sr2FeSO3,129,8.0,True
6032,CaN,25,2.965,True
4951,LiCrSiO4,11,6.007,True
2078,Sn3Mo,191,1.811,True
3225,ZnO2,164,2.0,True
1168,TaF3,162,1.583,True
4107,VCl2O,47,1.004,True
5327,Zn2Fe3O8,10,12.0,True
5262,CaP(HO3)2,7,6.003,True
4399,NiPS3,162,4.003,True
1993,OsCl3,162,2.0,True
4607,BaTl(NiO3)2,6,9.064,True
1686,MnI3,12,7.999,True
5300,Co(CO3)2,14,6.0,True
4559,Mo2HO6,1,0.869,True
4788,MnOF,59,8.0,True
987,B2O,156,0.609,True
3360,CuF2,14,2.0,True
4330,VF4,14,1.997,True
3600,MoCl3,12,1.998,True
2215,Cr3O8,2,2.014,True
2742,AuO2,47,0.982,True
5462,Co(ClO4)2,147,3.003,True
4498,Fe(CoO3)2,12,5.989,True
6277,LiN3,10,2.022,True
3842,Co2Te3O8,5,6.0,True
6330,Ba5Ce,8,0.773,True
5487,V(CO3)2,147,0.999,True
5854,GdBr,164,15.658,True
5877,Mo3Se2ClO8,4,18.023,True
31,MoBr3,12,6.003,True
2836,TlSb,127,2.004,True
3538,VCl3,162,4.002,True
4518,CaCr4O9,85,15.999,True
4410,Mn2CoO6,12,7.002,True
976,AlBi,187,3.832,True
4462,Mn(IO3)2,4,10.017,True
4459,LiMnPO4,51,10.021,True
4035,V2Re2O11,1,1.994,True
2406,MoPb3,191,3.076,True
5880,Li2CrP4O13,2,4.001,True
302,Tc2Cl5,13,3.44,True
4881,Li2CuF5,10,1.999,True
3880,Mn(CoO3)2,162,12.847,True
3869,Ba2Mn3O8,123,9.02,True
5323,CrSb(PO4)2,11,6.007,True
3569,CuHOF,14,3.999,True
4908,Co3NiO8,164,3.0,True
92,RhI2,164,1.005,True
6313,NaC2,99,1.001,True
1350,NbBr4,14,4.0,True
